Workbook
Name _: #REF!
Name _?: #REF!
Name _ˆó_ü—Ìˆæ: #REF!
Name ___YA002: '[1]1经营'!$E$8
Name ___YA008: [2]T02!$E$23
Name ___YA009: '[1]1经营'!$E$23
Name ___YA015: '[1]1经营'!$E$32
Name ___YA020: '[1]1经营'!$E$39
Name ___YA024: '[1]1经营'!$E$43
Name ___YA028: [2]T02!$E$49
Name ___YA035: '[1]1经营'!$E$55
Name ___YA045: '[1]1经营'!$E$61
Name ___YC001: [2]T02!$E$45
Name ___YC101: '[1]1经营'!$E$47
Name ___YE208: '[1]1经营'!$E$62
Name ___YE210: '[1]1经营'!$E$63
Name ___YE215: '[1]1经营'!$E$64
Name __IntlFixup: TRUE
Name __IVO1: #REF!
Name __q45: {"'용역비'!$A$4:$C$8"}
Name __SUB1: #REF!
Name __SUB2: #REF!
Name __YA002: '[1]1经营'!$E$8
Name __YA008: [2]T02!$E$23
Name __YA009: '[1]1经营'!$E$23
Name __YA015: '[1]1经营'!$E$32
Name __YA020: '[1]1经营'!$E$39
Name __YA024: '[1]1经营'!$E$43
Name __YA028: [2]T02!$E$49
Name __YA035: '[1]1经营'!$E$55
Name __YA045: '[1]1经营'!$E$61
Name __YC001: [2]T02!$E$45
Name __YC101: '[1]1经营'!$E$47
Name __YE208: '[1]1经营'!$E$62
Name __YE210: '[1]1经营'!$E$63
Name __YE215: '[1]1经营'!$E$64
Name _1: #REF!
Name _1_1._제품별_판매목표_내수: [8]전체!#REF!
Name _1_1¤?á?_Cl: #REF!
Name _1_CASH_FLOW: #REF!
Name _1001: #REF!
Name _101600: #REF!
Name _1027: '[12]0001'!#REF!
Name _10월: #REF!
Name _11월: #REF!
Name _12월: #REF!
Name _156: '[12]0001'!#REF!
Name _15A: [13]금액내역서!$D$3:$D$10
Name _1999_01_29: #REF!
Name _1SFT: #REF!
Name _1월: #REF!
Name _1월계획단가: #REF!
Name _2: #REF!
Name _2±è¸íÈ_SW: #REF!
Name _2171: #N/A
Name _2183: #N/A
Name _2187: #N/A
Name _2SFT: #REF!
Name _2월: #REF!
Name _3: #N/A

Sheet FX
B1: Ex rate Information
K2: 평균환율 | L2: 기말환율 | M2: 평균환율 | N2: 기말환율
B3: Currency | C3: 2017(Q4) | D3: 43100 | E3: 2018(Q4) | F3: 43465 | G3: 2019(Q2) | H3: 43646 | I3: 2019(Q3) | J3: 43738 | K3: 2019(Q4) | L3: 43830 | M3: 2020(Q4) | N3: 44196
B4: KRW | C4: 1 | D4: 1 | E4: 1 | F4: 1 | G4: 1 | H4: 1 | I4: 1 | J4: 1 | K4: 1 | L4: 1 | M4: 1 | N4: 1
B5: USD | C5: 1130.84 | D5: 1071.4 | E5: 1100.3 | F5: 1118.1 | G5: 1145.78 | H5: 1156.8 | I5: 1162.18 | J5: 1201.3 | K5: 1165.65 | L5: 1157.8 | M5: 1182.7 | N5: 1088

Sheet A-1. 별도FS_18
C1: IFRS PKG Version
B2: 별도 정산표 v5.0
D3: 0
D4: 0
B5: 43465 | C5: Local Currency | D5: KRW | J5: Disclosure Level - | K5: IFRS | O5: Account Code | P5: Account | Q5: 43465
B6: Account code | C6: Account Name | D6: SDB Korea | J6: Code | K6: Account (P/D Level)) | Q6: K-IFRS
C7: 자산 | P7: 자산 | S7: 자산 | U7: =O7=R7 -> TRUE | V7: =Q7-T7 -> 0
B8: A1000 | C8: 유동자산 | D8: 20601572410 | N8: =O8=B8 -> TRUE | O8: A1000 | P8: 유동자산 | Q8: 20601572410 | R8: A1000 | S8: 유동자산 | T8: 19598469183 | U8: =O8=R8 -> TRUE | V8: =Q8-T8 -> 1003103227
B9: A1100 | C9: 당좌자산 | D9: 12638713835 | N9: =O9=B9 -> TRUE | O9: A1100 | P9: 당좌자산 | Q9: 12638713835 | R9: A1100 | S9: 당좌자산 | T9: 11635610608 | U9: =O9=R9 -> TRUE | V9: =Q9-T9 -> 1003103227
B10: A1101 | C10: 현금시재 | D10: 0 | J10: A11010 | K10: 현금및현금성자산 | N10: =O10=B10 -> TRUE | O10: A1101 | P10: 현금시재 | Q10: 0 | R10: A1101 | S10: 현금시재 | T10: 0 | U10: =O10=R10 -> TRUE | V10: =Q10-T10 -> 0
B11: A1102 | C11: 보통예금 | D11: 3941765038 | J11: A11010 | K11: 현금및현금성자산 | N11: =O11=B11 -> TRUE | O11: A1102 | P11: 보통예금 | Q11: 3941765038 | R11: A1102 | S11: 보통예금 | T11: 3941765038 | U11: =O11=R11 -> TRUE | V11: =Q11-T11 -> 0
B12: A1103 | C12: 국고보조금-현금및현금성자산 | D12: 0 | J12: A11010 | K12: 현금및현금성자산 | N12: =O12=B12 -> TRUE | O12: A1103 | P12: 국고보조금-현금및현금성자산 | Q12: 0 | R12: A1103 | S12: 국고보조금-현금및현금성자산 | T12: 0 | U12: =O12=R12 -> TRUE | V12: =Q12-T12 -> 0
B13: A1104 | C13: 정기예.적금 | D13: 0 | J13: A11040 | K13: 단기금융상품 | N13: =O13=B13 -> TRUE | O13: A1104 | P13: 정기예.적금 | Q13: 0 | R13: A1104 | S13: 정기예.적금 | T13: 0 | U13: =O13=R13 -> TRUE | V13: =Q13-T13 -> 0
B14: A1105 | C14: 당기손익-공정가치금융자산(유동) | D14: 1003103227 | J14: A11050 | K14: 당기손익-공정가치금융자산(유동) | N14: =O14=B14 -> TRUE | O14: A1105 | P14: 당기손익-공정가치금융자산(유동) | Q14: 1003103227 | R14: A1105 | S14: 당기손익-공정가치금융자산(유동) | T14: 0 | U14: =O14=R14 -> TRUE | V14: =Q14-T14 -> 1003103227
B15: A1106 | C15: 외상매출금 | D15: 7723897995 | J15: A11060 | K15: 매출채권 | N15: =O15=B15 -> TRUE | O15: A1106 | P15: 외상매출금 | Q15: 7723897995 | R15: A1106 | S15: 외상매출금 | T15: 7723897995 | U15: =O15=R15 -> TRUE | V15: =Q15-T15 -> 0
B16: A1106C | C16: 외상매출금/Intercompany | D16: 0 | J16: A11060 | K16: 매출채권 | N16: =O16=B16 -> TRUE | O16: A1106C | P16: 외상매출금/Intercompany | Q16: 0 | R16: A1106C | S16: 외상매출금/Intercompany | T16: 0 | U16: =O16=R16 -> TRUE | V16: =Q16-T16 -> 0
B17: A1106-1 | C17: 현재가치할인차금(유동)-외상매출금 | D17: 0 | J17: A11060 | K17: 매출채권 | N17: =O17=B17 -> TRUE | O17: A1106-1 | P17: 현재가치할인차금(유동)-외상매출금 | Q17: 0 | R17: A1106-1 | S17: 현재가치할인차금(유동)-외상매출금 | T17: 0 | U17: =O17=R17 -> TRUE | V17: =Q17-T17 -> 0
B18: A1107 | C18: 대손충당금-외상매출금 | D18: -713339131 | J18: A11060 | K18: 매출채권 | N18: =O18=B18 -> TRUE | O18: A1107 | P18: 대손충당금-외상매출금 | Q18: -713339131 | R18: A1107 | S18: 대손충당금-외상매출금 | T18: -713339131 | U18: =O18=R18 -> TRUE | V18: =Q18-T18 -> 0
B19: A1107C | C19: 대손충당금-외상매출금/Intercompany | D19: 0 | J19: A11060 | K19: 매출채권 | N19: =O19=B19 -> TRUE | O19: A1107C | P19: 대손충당금-외상매출금/Intercompany | Q19: 0 | R19: A1107C | S19: 대손충당금-외상매출금/Intercompany | T19: 0 | U19: =O19=R19 -> TRUE | V19: =Q19-T19 -> 0
B20: A1109 | C20: 단기대여금 | D20: 0 | J20: A11090 | K20: 기타금융자산 | N20: =O20=B20 -> TRUE | O20: A1109 | P20: 단기대여금 | Q20: 0 | R20: A1109 | S20: 단기대여금 | T20: 0 | U20: =O20=R20 -> TRUE | V20: =Q20-T20 -> 0
B21: A1109-1 | C21: 현재가치할인차금-단기대여금 | D21: 0 | J21: A11090 | K21: 기타금융자산 | N21: =O21=B21 -> TRUE | O21: A1109-1 | P21: 현재가치할인차금-단기대여금 | Q21: 0 | R21: A1109-1 | S21: 현재가치할인차금-단기대여금 | T21: 0 | U21: =O21=R21 -> TRUE | V21: =Q21-T21 -> 0
... B29: A1121 | C29: 반환재고회수권(계약자산) | D29: 0 | J29: A11150 | K29: 기타유동자산 | N29: =O29=B29 -> TRUE | O29: A1121 | P29: 반환재고회수권(계약자산) | Q29: 0 | R29: A1121 | S29: 반환재고회수권(계약자산) | T29: 0 | U29: =O29=R29 -> TRUE | V29: =Q29-T29 -> 0
B30: A1122 | C30: 계약자산 | D30: 0 | N30: =O30=B30 -> TRUE | O30: A1122 | P30: 계약자산 | Q30: 0 | R30: A1122 | S30: 계약자산 | T30: 0 | U30: =O30=R30 -> TRUE | V30: =Q30-T30 -> 0
B31: A1200 | C31: 재고자산 | D31: 7962858575 | J31: 0 | N31: =O31=B31 -> TRUE | O31: A1200 | P31: 재고자산 | Q31: 7962858575 | R31: A1200 | S31: 재고자산 | T31: 7962858575 | U31: =O31=R31 -> TRUE | V31: =Q31-T31 -> 0
B32: A1201 | C32: 상품 | D32: 643428865 | J32: A12001 | K32: 재고자산 | N32: =O32=B32 -> TRUE | O32: A1201 | P32: 상품 | Q32: 643428865 | R32: A1201 | S32: 상품 | T32: 643428865 | U32: =O32=R32 -> TRUE | V32: =Q32-T32 -> 0
B33: A1202 | C33: 제품 | D33: 1601338285 | J33: A12001 | K33: 재고자산 | N33: =O33=B33 -> TRUE | O33: A1202 | P33: 제품 | Q33: 1601338285 | R33: A1202 | S33: 제품 | T33: 1601338285 | U33: =O33=R33 -> TRUE | V33: =Q33-T33 -> 0
B34: A1203 | C34: 제품평가충당금 | D34: 0 | J34: A12001 | K34: 재고자산 | N34: =O34=B34 -> TRUE | O34: A1203 | P34: 제품평가충당금 | Q34: 0 | R34: A1203 | S34: 제품평가충당금 | T34: 0 | U34: =O34=R34 -> TRUE | V34: =Q34-T34 -> 0
B35: A1204 | C35: 원재료 | D35: 3027710531 | J35: A12001 | K35: 재고자산 | N35: =O35=B35 -> TRUE | O35: A1204 | P35: 원재료 | Q35: 3027710531 | R35: A1204 | S35: 원재료 | T35: 3027710531 | U35: =O35=R35 -> TRUE | V35: =Q35-T35 -> 0
B36: A1205 | C36: 원재료평가충당금 | D36: 0 | J36: A12001 | K36: 재고자산 | N36: =O36=B36 -> TRUE | O36: A1205 | P36: 원재료평가충당금 | Q36: 0 | R36: A1205 | S36: 원재료평가충당금 | T36: 0 | U36: =O36=R36 -> TRUE | V36: =Q36-T36 -> 0
B37: A1206 | C37: 부재료 | D37: 877455290 | J37: A12001 | K37: 재고자산 | N37: =O37=B37 -> TRUE | O37: A1206 | P37: 부재료 | Q37: 877455290 | R37: A1206 | S37: 부재료 | T37: 877455290 | U37: =O37=R37 -> TRUE | V37: =Q37-T37 -> 0
B38: A1207 | C38: 재공품 | D38: 1791962192 | J38: A12001 | K38: 재고자산 | N38: =O38=B38 -> TRUE | O38: A1207 | P38: 재공품 | Q38: 1791962192 | R38: A1207 | S38: 재공품 | T38: 1791962192 | U38: =O38=R38 -> TRUE | V38: =Q38-T38 -> 0
B39: A1208 | C39: 재공품평가충당금 | D39: 0 | J39: A12001 | K39: 재고자산 | N39: =O39=B39 -> TRUE | O39: A1208 | P39: 재공품평가충당금 | Q39: 0 | R39: A1208 | S39: 재공품평가충당금 | T39: 0 | U39: =O39=R39 -> TRUE | V39: =Q39-T39 -> 0
B40: A1209 | C40: 반제품 | D40: 0 | J40: A12001 | K40: 재고자산 | N40: =O40=B40 -> TRUE | O40: A1209 | P40: 반제품 | Q40: 0 | R40: A1209 | S40: 반제품 | T40: 0 | U40: =O40=R40 -> TRUE | V40: =Q40-T40 -> 0
B41: A1210 | C41: 반제품평가충당금 | D41: 0 | J41: A12001 | K41: 재고자산 | N41: =O41=B41 -> TRUE | O41: A1210 | P41: 반제품평가충당금 | Q41: 0 | R41: A1210 | S41: 반제품평가충당금 | T41: 0 | U41: =O41=R41 -> TRUE | V41: =Q41-T41 -> 0
B42: A1211 | C42: 미착품 | D42: 20963412 | J42: A12001 | K42: 재고자산 | N42: =O42=B42 -> TRUE | O42: A1211 | P42: 미착품 | Q42: 20963412 | R42: A1211 | S42: 미착품 | T42: 20963412 | U42: =O42=R42 -> TRUE | V42: =Q42-T42 -> 0
N43: =O43=B43 -> TRUE | U43: =O43=R43 -> TRUE | V43: =Q43-T43 -> 0
B44: A2000 | C44: 비유동자산 | D44: 58490546866 | J44: 0 | N44: =O44=B44 -> TRUE | O44: A2000 | P44: 비유동자산 | Q44: 57949675262 | R44: A2000 | S44: 비유동자산 | T44: 59468906735 | U44: =O44=R44 -> TRUE | V44: =Q44-T44 -> -1519231473
B45: A2100 | C45: 투자자산 | D45: 34484040926 | N45: =O45=B45 -> TRUE | O45: A2100 | P45: 투자자산 | Q45: 33941577450 | R45: A2100 | S45: 투자자산 | T45: 35487144153 | U45: =O45=R45 -> TRUE | V45: =Q45-T45 -> -1545566703
B46: A2103 | C46: 장기대여금 | D46: 0 | J46: A21030 | K46: 기타금융자산(비유동) | N46: =O46=B46 -> TRUE | O46: A2103 | P46: 장기대여금 | Q46: 0 | R46: A2103 | S46: 장기대여금 | T46: 0 | U46: =O46=R46 -> TRUE | V46: =Q46-T46 -> 0
B47: A2103-1 | C47: 현재가치할인차금-장기대여금 | D47: 0 | J47: A21030 | K47: 기타금융자산(비유동) | N47: =O47=B47 -> TRUE | O47: A2103-1 | P47: 현재가치할인차금-장기대여금 | Q47: 0 | R47: A2103-1 | S47: 현재가치할인차금-장기대여금 | T47: 0 | U47: =O47=R47 -> TRUE | V47: =Q47-T47 -> 0
B48: A2102 | C48: 당기손익-공정가치금융자산(비유동) | D48: 34484040926 | J48: A21020 | K48: 당기손익-공정가치금융자산(비유동) | N48: =O48=B48 -> TRUE | O48: A2102 | P48: 당기손익-공정가치금융자산(비유동) | Q48: 1704070304 | R48: A2102 | S48: 당기손익-공정가치금융자산(비유동) | T48: 35487144153 | U48: =O48=R48 -> TRUE | V48: =Q48-T48 -> -33783073849
B49: A2104 | C49: 장기매도가능증권 | D49: 0 | J49: A21040 | K49: 매도가능금융자산 | N49: =O49=B49 -> TRUE | O49: A2104 | P49: 장기매도가능증권 | Q49: 0 | R49: A2104 | S49: 장기매도가능증권 | T49: 0 | U49: =O49=R49 -> TRUE | V49: =Q49-T49 -> 0
B50: A2106 | C50: 종속기업투자 | D50: 0 | J50: A21060 | K50: 종속관계기업투자 | N50: =O50=B50 -> TRUE | O50: A2106 | P50: 종속기업투자 | Q50: 0 | R50: A2106 | S50: 종속기업투자 | T50: 0 | U50: =O50=R50 -> TRUE | V50: =Q50-T50 -> 0
B51: A2107 | C51: 관계기업투자 | D51: 0 | J51: A21060 | K51: 종속관계기업투자 | N51: =O51=B51 -> TRUE | O51: A2107 | P51: 관계기업투자 | Q51: 32237507146 | R51: A2107 | S51: 관계기업투자 | T51: 0 | U51: =O51=R51 -> TRUE | V51: =Q51-T51 -> 32237507146
B52: A2200 | C52: 유형자산 | D52: 23406098294 | J52: 0 | N52: =O52=B52 -> TRUE | O52: A2200 | P52: 유형자산 | Q52: 23292009215 | R52: A2200 | S52: 유형자산 | T52: 23292009215 | U52: =O52=R52 -> TRUE | V52: =Q52-T52 -> 0
B53: A2201 | C53: 토지 | D53: 10242504190 | J53: A22000 | K53: 유형자산 | N53: =O53=B53 -> TRUE | O53: A2201 | P53: 토지 | Q53: 10242504190 | R53: A2201 | S53: 토지 | T53: 10242504190 | U53: =O53=R53 -> TRUE | V53: =Q53-T53 -> 0
B54: A2202 | C54: 건물 | D54: 9998463438 | J54: A22000 | K54: 유형자산 | N54: =O54=B54 -> TRUE | O54: A2202 | P54: 건물 | Q54: 9998463438 | R54: A2202 | S54: 건물 | T54: 9998463438 | U54: =O54=R54 -> TRUE | V54: =Q54-T54 -> 0
B55: A2202-1 | C55: 감가상각누계액-건물 | D55: -1181832650 | J55: A22000 | K55: 유형자산 | N55: =O55=B55 -> TRUE | O55: A2202-1 | P55: 감가상각누계액-건물 | Q55: -1181832650 | R55: A2202-1 | S55: 감가상각누계액-건물 | T55: -1181832650 | U55: =O55=R55 -> TRUE | V55: =Q55-T55 -> 0
B56: A2203 | C56: 구축물 | D56: 22700000 | J56: A22000 | K56: 유형자산 | N56: =O56=B56 -> TRUE | O56: A2203 | P56: 구축물 | Q56: 22700000 | R56: A2203 | S56: 구축물 | T56: 22700000 | U56: =O56=R56 -> TRUE | V56: =Q56-T56 -> 0
B57: A2203-1 | C57: 감가상각누계액-구축물 | D57: -2604375 | J57: A22000 | K57: 유형자산 | N57: =O57=B57 -> TRUE | O57: A2203-1 | P57: 감가상각누계액-구축물 | Q57: -2604375 | R57: A2203-1 | S57: 감가상각누계액-구축물 | T57: -2604375 | U57: =O57=R57 -> TRUE | V57: =Q57-T57 -> 0
B58: A2204 | C58: 기계장치 | D58: 5656057289 | J58: A22000 | K58: 유형자산 | N58: =O58=B58 -> TRUE | O58: A2204 | P58: 기계장치 | Q58: 5656057289 | R58: A2204 | S58: 기계장치 | T58: 5656057289 | U58: =O58=R58 -> TRUE | V58: =Q58-T58 -> 0
B59: A2204-1 | C59: 감가상각누계액-기계장치 | D59: -2498226496 | J59: A22000 | K59: 유형자산 | N59: =O59=B59 -> TRUE | O59: A2204-1 | P59: 감가상각누계액-기계장치 | Q59: -2498226496 | R59: A2204-1 | S59: 감가상각누계액-기계장치 | T59: -2498226496 | U59: =O59=R59 -> TRUE | V59: =Q59-T59 -> 0
B60: A2204-2 | C60: 손상차손누계액-기계장치 | D60: 0 | J60: A22000 | K60: 유형자산 | N60: =O60=B60 -> TRUE | O60: A2204-2 | P60: 손상차손누계액-기계장치 | Q60: 0 | R60: A2204-2 | S60: 손상차손누계액-기계장치 | T60: 0 | U60: =O60=R60 -> TRUE | V60: =Q60-T60 -> 0
B61: A2205 | C61: 차량운반구 | D61: 34420100 | J61: A22000 | K61: 유형자산 | N61: =O61=B61 -> TRUE | O61: A2205 | P61: 차량운반구 | Q61: 34420100 | R61: A2205 | S61: 차량운반구 | T61: 34420100 | U61: =O61=R61 -> TRUE | V61: =Q61-T61 -> 0
B62: A2205-1 | C62: 감가상각누계액-차량운반구 | D62: -25072282 | J62: A22000 | K62: 유형자산 | N62: =O62=B62 -> TRUE | O62: A2205-1 | P62: 감가상각누계액-차량운반구 | Q62: -25072282 | R62: A2205-1 | S62: 감가상각누계액-차량운반구 | T62: -25072282 | U62: =O62=R62 -> TRUE | V62: =Q62-T62 -> 0
B63: A2206 | C63: 공구와기구 | D63: 176435000 | J63: A22000 | K63: 유형자산 | N63: =O63=B63 -> TRUE | O63: A2206 | P63: 공구와기구 | Q63: 176435000 | R63: A2206 | S63: 공구와기구 | T63: 176435000 | U63: =O63=R63 -> TRUE | V63: =Q63-T63 -> 0
B64: A2206-1 | C64: 감가상각누계액-공구와기구 | D64: -136389679 | J64: A22000 | K64: 유형자산 | N64: =O64=B64 -> TRUE | O64: A2206-1 | P64: 감가상각누계액-공구와기구 | Q64: -136389679 | R64: A2206-1 | S64: 감가상각누계액-공구와기구 | T64: -136389679 | U64: =O64=R64 -> TRUE | V64: =Q64-T64 -> 0
... B72: A2211-1 | C72: 사용권자산-감가상각누계액 | D72: 0 | J72: A22000 | K72: 유형자산 | N72: =O72=B72 -> TRUE | O72: A2211-1 | P72: 사용권자산-감가상각누계액 | Q72: 0 | R72: A2211-1 | S72: 사용권자산-감가상각누계액 | T72: 0 | U72: =O72=R72 -> TRUE | V72: =Q72-T72 -> 0
N73: =O73=B73 -> TRUE | U73: =O73=R73 -> TRUE | V73: =Q73-T73 -> 0
B74: A2300 | C74: 무형자산 | D74: 378450698 | J74: 0 | N74: =O74=B74 -> TRUE | O74: A2300 | P74: 무형자산 | Q74: 378450698 | R74: A2300 | S74: 무형자산 | T74: 471457433 | U74: =O74=R74 -> TRUE | V74: =Q74-T74 -> -93006735
B75: A2301 | C75: 영업권 | D75: 0 | J75: A23000 | K75: 무형자산 | N75: =O75=B75 -> TRUE | O75: A2301 | P75: 영업권 | Q75: 0 | R75: A2301 | S75: 영업권 | T75: 93006735 | U75: =O75=R75 -> TRUE | V75: =Q75-T75 -> -93006735
B76: A2302 | C76: 소프트웨어 | D76: 110266289 | J76: A23000 | K76: 무형자산 | N76: =O76=B76 -> TRUE | O76: A2302 | P76: 소프트웨어 | Q76: 110266289 | R76: A2302 | S76: 소프트웨어 | T76: 110266289 | U76: =O76=R76 -> TRUE | V76: =Q76-T76 -> 0
B77: A2302-1 | C77: 상각누계액-소프트웨어 | D77: -91389288 | J77: A23000 | K77: 무형자산 | N77: =O77=B77 -> TRUE | O77: A2302-1 | P77: 상각누계액-소프트웨어 | Q77: -91389288 | R77: A2302-1 | S77: 상각누계액-소프트웨어 | T77: -91389288 | U77: =O77=R77 -> TRUE | V77: =Q77-T77 -> 0
B78: A2303 | C78: 산업재산권 | D78: 455258699 | J78: A23000 | K78: 무형자산 | N78: =O78=B78 -> TRUE | O78: A2303 | P78: 산업재산권 | Q78: 455258699 | R78: A2303 | S78: 산업재산권 | T78: 455258699 | U78: =O78=R78 -> TRUE | V78: =Q78-T78 -> 0
B79: A2303-1 | C79: 상각누계액-산업재산권 | D79: -268155002 | J79: A23000 | K79: 무형자산 | N79: =O79=B79 -> TRUE | O79: A2303-1 | P79: 상각누계액-산업재산권 | Q79: -268155002 | R79: A2303-1 | S79: 상각누계액-산업재산권 | T79: -268155002 | U79: =O79=R79 -> TRUE | V79: =Q79-T79 -> 0
B80: A2304 | C80: 회원권(골프회원권 등) | D80: 172470000 | J80: A23000 | K80: 무형자산 | N80: =O80=B80 -> TRUE | O80: A2304 | P80: 회원권(골프회원권 등) | Q80: 172470000 | R80: A2304 | S80: 회원권(골프회원권 등) | T80: 172470000 | U80: =O80=R80 -> TRUE | V80: =Q80-T80 -> 0
B81: A2305 | C81: 토지이용권 | D81: 0 | J81: A23000 | K81: 무형자산 | N81: =O81=B81 -> TRUE | O81: A2305 | P81: 토지이용권 | Q81: 0 | R81: A2305 | S81: 토지이용권 | T81: 0 | U81: =O81=R81 -> TRUE | V81: =Q81-T81 -> 0
B82: A2400 | C82: 기타비유동자산 | D82: 221956948 | N82: =O82=B82 -> TRUE | O82: A2400 | P82: 기타비유동자산 | Q82: 337637899 | R82: A2400 | S82: 기타비유동자산 | T82: 218295934 | U82: =O82=R82 -> TRUE | V82: =Q82-T82 -> 119341965
B83: A2401 | C83: 이연법인세자산 | D83: 169506948 | J83: A24010 | K83: 이연법인세자산 | N83: =O83=B83 -> TRUE | O83: A2401 | P83: 이연법인세자산 | Q83: 285187899 | R83: A2401 | S83: 이연법인세자산 | T83: 165845934 | U83: =O83=R83 -> TRUE | V83: =Q83-T83 -> 119341965
B84: A2406 | C84: 비유동매출채권 | D84: 0 | J84: A24060 | K84: 비유동매출채권 | N84: =O84=B84 -> TRUE | O84: A2406 | P84: 비유동매출채권 | Q84: 0 | R84: A2406 | S84: 비유동매출채권 | T84: 0 | U84: =O84=R84 -> TRUE | V84: =Q84-T84 -> 0
B85: A2406C | C85: 비유동매출채권/Intercompany | D85: 0 | J85: A24060 | K85: 비유동매출채권 | N85: =O85=B85 -> TRUE | O85: A2406C | P85: 비유동매출채권/Intercompany | Q85: 0 | R85: A2406C | S85: 비유동매출채권/Intercompany | T85: 0 | U85: =O85=R85 -> TRUE | V85: =Q85-T85 -> 0
B86: A2406-1 | C86: 현재가치할인차금(비유동)-비유동외상매출금 | D86: 0 | J86: A24060 | K86: 비유동매출채권 | N86: =O86=B86 -> TRUE | O86: A2406-1 | P86: 현재가치할인차금(비유동)-비유동외상매출금 | Q86: 0 | R86: A2406-1 | S86: 현재가치할인차금(비유동)-비유동외상매출금 | T86: 0 | U86: =O86=R86 -> TRUE | V86: =Q86-T86 -> 0
B87: A2406-2 | C87: 대손충당금-비유동매출채권 | D87: 0 | J87: A24060 | K87: 비유동매출채권 | N87: =O87=B87 -> TRUE | O87: A2406-2 | P87: 대손충당금-비유동매출채권 | Q87: 0 | R87: A2406-2 | S87: 대손충당금-비유동매출채권 | T87: 0 | U87: =O87=R87 -> TRUE | V87: =Q87-T87 -> 0
B88: A2402 | C88: 임차보증금 | D88: 52450000 | J88: A21030 | K88: 기타금융자산(비유동) | N88: =O88=B88 -> TRUE | O88: A2402 | P88: 임차보증금 | Q88: 52450000 | R88: A2402 | S88: 임차보증금 | T88: 52450000 | U88: =O88=R88 -> TRUE | V88: =Q88-T88 -> 0
B89: A2402-1 | C89: 현재가치할인차금-임차보증금 | D89: 0 | J89: A21030 | K89: 기타금융자산(비유동) | N89: =O89=B89 -> TRUE | O89: A2402-1 | P89: 현재가치할인차금-임차보증금 | Q89: 0 | R89: A2402-1 | S89: 현재가치할인차금-임차보증금 | T89: 0 | U89: =O89=R89 -> TRUE | V89: =Q89-T89 -> 0
D90: 0 | N90: =O90=B90 -> FALSE | O90: A2402B | P90: 기타보증금 | Q90: 0 | R90: A2403 | S90: 회원권 | T90: 0 | U90: =O90=R90 -> FALSE | V90: =Q90-T90 -> 0
B91: A2403 | C91: 회원권 | D91: 0 | J91: A21030 | K91: 기타금융자산(비유동) | N91: =O91=B91 -> TRUE | O91: A2403 | P91: 회원권 | U91: =O91=R91 -> FALSE | V91: =Q91-T91 -> 0
N92: =O92=B92 -> TRUE | U92: =O92=R92 -> TRUE | V92: =Q92-T92 -> 0
C93: 자산총계 | D93: 79092119276 | J93: 0 | N93: =O93=B93 -> TRUE | P93: 자산총계 | Q93: 78551247672 | S93: 자산총계 | T93: 79067375918 | U93: =O93=R93 -> TRUE | V93: =Q93-T93 -> -516128246
B94: L1000 | C94: 유동부채 | D94: 25754601315 | J94: 0 | N94: =O94=B94 -> TRUE | O94: L1000 | P94: 유동부채 | Q94: 25717834607 | R94: L1000 | S94: 유동부채 | T94: 25717834607 | U94: =O94=R94 -> TRUE | V94: =Q94-T94 -> 0
B95: L1001 | C95: 외상매입금 | D95: 1849995451 | J95: L10010 | K95: 매입채무 | N95: =O95=B95 -> TRUE | O95: L1001 | P95: 외상매입금 | Q95: 1849995451 | R95: L1001 | S95: 외상매입금 | T95: 1849995451 | U95: =O95=R95 -> TRUE | V95: =Q95-T95 -> 0
B96: L1001C | C96: 외상매입금/Intercompany | D96: 0 | J96: L10010 | K96: 매입채무 | N96: =O96=B96 -> TRUE | O96: L1001C | P96: 외상매입금/Intercompany | Q96: 0 | R96: L1001C | S96: 외상매입금/Intercompany | T96: 0 | U96: =O96=R96 -> TRUE | V96: =Q96-T96 -> 0
B97: L1002 | C97: 미지급금 | D97: 656526130 | J97: L10020 | K97: 기타금융부채(유동) | N97: =O97=B97 -> TRUE | O97: L1002 | P97: 미지급금 | Q97: 656526130 | R97: L1002 | S97: 미지급금 | T97: 656526130 | U97: =O97=R97 -> TRUE | V97: =Q97-T97 -> 0
B98: L1002C | C98: 미지급금/Intercompany | D98: 0 | J98: L10020 | K98: 기타금융부채(유동) | N98: =O98=B98 -> TRUE | O98: L1002C | P98: 미지급금/Intercompany | Q98: 0 | R98: L1002C | S98: 미지급금/Intercompany | T98: 0 | U98: =O98=R98 -> TRUE | V98: =Q98-T98 -> 0
B99: L1003 | C99: 예수금 | D99: 242322508 | J99: L10030 | K99: 기타유동부채 | N99: =O99=B99 -> TRUE | O99: L1003 | P99: 예수금 | Q99: 242322508 | R99: L1003 | S99: 예수금 | T99: 242322508 | U99: =O99=R99 -> TRUE | V99: =Q99-T99 -> 0
D100: 0 | N100: =O100=B100 -> FALSE | O100: L1004 | P100: 부가세예수금 | Q100: 5756000 | R100: L1005 | S100: 기타보증금(부채) | T100: 5756000 | U100: =O100=R100 -> FALSE | V100: =Q100-T100 -> 0
B101: L1005 | C101: 기타보증금(부채) | D101: 5756000 | J101: L10020 | K101: 기타금융부채(유동) | N101: =O101=B101 -> TRUE | O101: L1005 | P101: 기타보증금(부채) | Q101: 0 | R101: L1006 | S101: 선수금 | T101: 0 | U101: =O101=R101 -> FALSE | V101: =Q101-T101 -> 0
D102: 0 | N102: =O102=B102 -> FALSE | O102: L1005B | P102: 임대보증금(부채) | Q102: 0 | R102: L1025 | S102: 선수수익 | T102: 0 | U102: =O102=R102 -> FALSE | V102: =Q102-T102 -> 0
B103: L1006 | C103: 선수금 | D103: 0 | J103: L10030 | K103: 기타유동부채 | N103: =O103=B103 -> TRUE | O103: L1006 | P103: 선수금 | Q103: 205234555 | R103: L1017 | S103: 계약부채 | T103: 205234555 | U103: =O103=R103 -> FALSE | V103: =Q103-T103 -> 0
B104: L1025 | C104: 선수수익 | D104: 0 | J104: L10030 | K104: 기타유동부채 | N104: =O104=B104 -> TRUE | O104: L1025 | P104: 선수수익 | Q104: 22000000000 | R104: L1007 | S104: 단기차입금 | T104: 22000000000 | U104: =O104=R104 -> FALSE | V104: =Q104-T104 -> 0
B105: L1017 | C105: 계약부채 | D105: 205234555 | J105: L10170 | K105: 계약부채 | N105: =O105=B105 -> TRUE | O105: L1017 | P105: 계약부채 | Q105: 498818962 | R105: L1008 | S105: 미지급세금 | T105: 498818962 | U105: =O105=R105 -> FALSE | V105: =Q105-T105 -> 0
B106: L1007 | C106: 단기차입금 | D106: 22000000000 | J106: L10070 | K106: 차입금(유동) | N106: =O106=B106 -> TRUE | O106: L1007 | P106: 단기차입금 | Q106: 259181001 | R106: L1009 | S106: 미지급비용 | T106: 259181001 | U106: =O106=R106 -> FALSE | V106: =Q106-T106 -> 0
B107: L1008 | C107: 미지급세금 | D107: 498818962 | J107: L10080 | K107: 당기법인세부채 | N107: =O107=B107 -> TRUE | O107: L1008 | P107: 미지급세금 | Q107: 0 | R107: L1010 | S107: 유동성장기부채 | T107: 0 | U107: =O107=R107 -> FALSE | V107: =Q107-T107 -> 0
B108: L1009 | C108: 미지급비용 | D108: 116932763 | J108: L10030 | K108: 기타유동부채 | N108: =O108=B108 -> TRUE | O108: L1009 | P108: 미지급비용 | Q108: 0 | R108: L1011 | S108: 연월차충당부채 | T108: 0 | U108: =O108=R108 -> FALSE | V108: =Q108-T108 -> 0
B109: L1010 | C109: 유동성장기부채 | D109: 0 | J109: L10070 | K109: 차입금(유동) | N109: =O109=B109 -> TRUE | O109: L1010 | P109: 유동성장기부채 | Q109: 0 | R109: L1022 | S109: 리스부채(유동) | T109: 0 | U109: =O109=R109 -> FALSE | V109: =Q109-T109 -> 0
B110: L1011 | C110: 연월차충당부채 | D110: 142248238 | J110: L10030 | K110: 기타유동부채 | N110: =O110=B110 -> TRUE | O110: L1011 | P110: 연월차충당부채 | Q110: 0 | R110: L1022-1 | S110: 현재가치할인차금-리스부채(유동) | T110: 0 | U110: =O110=R110 -> FALSE | V110: =Q110-T110 -> 0
B111: L1022 | C111: 리스부채(유동) | D111: 39396000 | J111: L10220 | K111: 리스부채(유동) | N111: =O111=B111 -> TRUE | O111: L1022 | P111: 리스부채(유동) | Q111: 0 | R111: L1023 | S111: 환불부채(반품관련) | T111: 0 | U111: =O111=R111 -> FALSE | V111: =Q111-T111 -> 0
B112: L1022-1 | C112: 현재가치할인차금-리스부채(유동) | D112: -2629292 | J112: L10220 | K112: 리스부채(유동) | N112: =O112=B112 -> TRUE | O112: L1022-1 | P112: 현재가치할인차금-리스부채(유동) | Q112: 5000000 | R112: L2000 | S112: 비유동부채 | T112: 5000000 | U112: =O112=R112 -> FALSE | V112: =Q112-T112 -> 0
B113: L1023 | C113: 환불부채(반품관련) | D113: 0 | J113: L10020 | K113: 기타금융부채(유동) | N113: =O113=B113 -> TRUE | O113: L1023 | P113: 환불부채(반품관련) | Q113: 0 | R113: L2001 | S113: 사채 | T113: 0 | U113: =O113=R113 -> FALSE | V113: =Q113-T113 -> 0
B114: L2000 | C114: 비유동부채 | D114: 98963344 | J114: 0 | N114: =O114=B114 -> TRUE | O114: L2000 | P114: 비유동부채 | Q114: 0 | R114: L2002 | S114: 장기차입금 | T114: 0 | U114: =O114=R114 -> FALSE | V114: =Q114-T114 -> 0
...

Sheet A-1. 별도FS_19
C1: IFRS PKG Version | D1: ='A-1. 별도FS_18'!B2 -> 별도 정산표 v5.0 | E1: PKG V1.0
B2: 연결 정산표 v7.0_A-1. 별도FS
D3: 0 | E3: 0
D4: 0 | E4: 0
B5: 43830 | C5: Local Currency | D5: KRW | E5: USD | J5: Disclosure Level - | K5: IFRS
B6: Account code | C6: Account Name | D6: BN Korea | E6: Bionote USA Inc. | J6: Code | K6: Account (P/D Level))
C7: 자산 | M7: 자산
B8: BS | C8: Ⅰ.유동자산 | D8: 23588598166 | E8: 906761 | L8: BS | M8: Ⅰ.유동자산
C9: (1)당좌자산 | D9: 15831735316 | E9: 906761 | M9: (1)당좌자산
B10: A1101 | C10: 현금시재 | D10: 8772043 | E10: 906761 | J10: A11010 | K10: 현금및현금성자산 | L10: A1101 | M10: 현금시재 | N10: =L10=B10 -> TRUE
B11: A1102 | C11: 보통예금 | D11: 5517522912 | E11: 0 | J11: A11010 | K11: 현금및현금성자산 | L11: A1102 | M11: 보통예금 | N11: =L11=B11 -> TRUE
B12: A1103 | C12: 국고보조금-현금및현금성자산 | D12: 0 | E12: 0 | J12: A11010 | K12: 현금및현금성자산 | L12: A1103 | M12: 국고보조금-현금및현금성자산 | N12: =L12=B12 -> TRUE
B13: A1104 | C13: 정기예.적금 | D13: 0 | E13: 0 | J13: A11040 | K13: 단기금융상품 | L13: A1104 | M13: 정기예.적금 | N13: =L13=B13 -> TRUE
B14: A1105 | C14: 당기손익-공정가치금융자산(유동) | D14: 1001420524 | E14: 0 | J14: A11050 | K14: 당기손익-공정가치금융자산(유동) | L14: A1105 | M14: 당기손익-공정가치금융자산(유동) | N14: =L14=B14 -> TRUE
B15: A1106 | C15: 외상매출금 | D15: 9358066120 | E15: 0 | J15: A11060 | K15: 매출채권 | L15: A1106 | M15: 외상매출금 | N15: =L15=B15 -> TRUE
B16: A1106C | C16: 외상매출금/Intercompany | D16: 0 | E16: 0 | J16: A11060 | K16: 매출채권 | L16: A1106C | M16: 외상매출금/Intercompany | N16: =L16=B16 -> TRUE
B17: A1106-1 | C17: 현재가치할인차금(유동)-외상매출금 | D17: 0 | E17: 0 | J17: A11060 | K17: 매출채권 | L17: A1106-1 | M17: 현재가치할인차금(유동)-외상매출금 | N17: =L17=B17 -> TRUE
B18: A1107 | C18: 대손충당금-외상매출금 | D18: -533323483 | E18: 0 | J18: A11060 | K18: 매출채권 | L18: A1107 | M18: 대손충당금-외상매출금 | N18: =L18=B18 -> TRUE
B19: A1107C | C19: 대손충당금-외상매출금/Intercompany | D19: 0 | E19: 0 | J19: A11060 | K19: 매출채권 | L19: A1107C | M19: 대손충당금-외상매출금/Intercompany | N19: =L19=B19 -> TRUE
B20: A1109 | C20: 단기대여금 | D20: 0 | E20: 0 | J20: A11090 | K20: 기타금융자산 | L20: A1109 | M20: 단기대여금 | N20: =L20=B20 -> TRUE
B21: A1109-1 | C21: 현재가치할인차금-단기대여금 | D21: 0 | E21: 0 | J21: A11090 | K21: 기타금융자산 | L21: A1109-1 | M21: 현재가치할인차금-단기대여금 | N21: =L21=B21 -> TRUE
... B28: A1121 | C28: 반환재고회수권(계약자산) | D28: 0 | E28: 0 | J28: A11150 | K28: 기타유동자산 | L28: A1121 | M28: 반환재고회수권(계약자산) | N28: =L28=B28 -> TRUE
C29: (2)재고자산 | D29: 7756862850 | E29: 0 | M29: (2)재고자산 | N29: =L29=B29 -> TRUE
B30: A1201 | C30: 상품 | D30: 545308589 | E30: 0 | J30: A12001 | K30: 재고자산 | L30: A1201 | M30: 상품 | N30: =L30=B30 -> TRUE
B31: A1202 | C31: 제품 | D31: 524830179 | E31: 0 | J31: A12001 | K31: 재고자산 | L31: A1202 | M31: 제품 | N31: =L31=B31 -> TRUE
B32: A1203 | C32: 제품평가충당금 | D32: 0 | E32: 0 | J32: A12001 | K32: 재고자산 | L32: A1203 | M32: 제품평가충당금 | N32: =L32=B32 -> TRUE
B33: A1204 | C33: 원재료 | D33: 3077150977 | E33: 0 | J33: A12001 | K33: 재고자산 | L33: A1204 | M33: 원재료 | N33: =L33=B33 -> TRUE
B34: A1205 | C34: 원재료평가충당금 | D34: 0 | E34: 0 | J34: A12001 | K34: 재고자산 | L34: A1205 | M34: 원재료평가충당금 | N34: =L34=B34 -> TRUE
B35: A1206 | C35: 부재료 | D35: 920887954 | E35: 0 | J35: A12001 | K35: 재고자산 | L35: A1206 | M35: 부재료 | N35: =L35=B35 -> TRUE
B36: A1207 | C36: 재공품 | D36: 2682244471 | E36: 0 | J36: A12001 | K36: 재고자산 | L36: A1207 | M36: 재공품 | N36: =L36=B36 -> TRUE
B37: A1208 | C37: 재공품평가충당금 | D37: 0 | E37: 0 | J37: A12001 | K37: 재고자산 | L37: A1208 | M37: 재공품평가충당금 | N37: =L37=B37 -> TRUE
B38: A1209 | C38: 반제품 | D38: 0 | E38: 0 | J38: A12001 | K38: 재고자산 | L38: A1209 | M38: 반제품 | N38: =L38=B38 -> TRUE
B39: A1210 | C39: 반제품평가충당금 | D39: 0 | E39: 0 | J39: A12001 | K39: 재고자산 | L39: A1210 | M39: 반제품평가충당금 | N39: =L39=B39 -> TRUE
B40: A1211 | C40: 미착품 | D40: 6440680 | E40: 0 | J40: A12001 | K40: 재고자산 | L40: A1211 | M40: 미착품 | N40: =L40=B40 -> TRUE
B41: BS | C41: Ⅱ.비유동자산 | D41: 107600242493 | E41: 7486 | L41: BS | M41: Ⅱ.비유동자산 | N41: =L41=B41 -> TRUE
B42: A2103 | C42: 장기대여금 | D42: 0 | E42: 0 | J42: A21030 | K42: 기타금융자산(비유동) | L42: A2103 | M42: 장기대여금 | N42: =L42=B42 -> TRUE
B43: A2103-1 | C43: 현재가치할인차금-장기대여금 | D43: 0 | E43: 0 | J43: A21030 | K43: 기타금융자산(비유동) | L43: A2103-1 | M43: 현재가치할인차금-장기대여금 | N43: =L43=B43 -> TRUE
B44: A2102 | C44: 당기손익-공정가치금융자산(비유동) | D44: 1059412860 | E44: 0 | J44: A21020 | K44: 당기손익-공정가치금융자산(비유동) | L44: A2102 | M44: 당기손익-공정가치금융자산(비유동) | N44: =L44=B44 -> TRUE
B45: A2104 | C45: 장기매도가능증권 | D45: 0 | E45: 0 | J45: A21040 | K45: 매도가능금융자산 | L45: A2104 | M45: 장기매도가능증권 | N45: =L45=B45 -> TRUE
B46: A2106 | C46: 종속기업투자 | D46: 1179726013 | E46: 0 | J46: A21060 | K46: 종속관계기업투자 | L46: A2106 | M46: 종속기업투자 | N46: =L46=B46 -> TRUE
B47: A2107 | C47: 관계기업투자 | D47: 81445762713 | E47: 0 | J47: A21060 | K47: 종속관계기업투자 | L47: A2107 | M47: 관계기업투자 | N47: =L47=B47 -> TRUE
B48: A2402 | C48: 임차보증금 | D48: 0 | E48: 0 | J48: A21030 | K48: 기타금융자산(비유동) | L48: A2402 | M48: 임차보증금 | N48: =L48=B48 -> TRUE
B49: A2402-1 | C49: 현재가치할인차금-임차보증금 | D49: 0 | E49: 0 | J49: A21030 | K49: 기타금융자산(비유동) | L49: A2402-1 | M49: 현재가치할인차금-임차보증금 | N49: =L49=B49 -> TRUE
B50: A2402B | C50: 기타보증금 | D50: 42450000 | E50: 0 | L50: A2402B | M50: 기타보증금 | N50: =L50=B50 -> TRUE
B51: A2403 | C51: 회원권 | D51: 0 | E51: 0 | J51: A21030 | K51: 기타금융자산(비유동) | L51: A2403 | M51: 회원권 | N51: =L51=B51 -> TRUE
B52: A2406 | C52: 비유동매출채권 | D52: 0 | E52: 0 | J52: A24060 | K52: 비유동매출채권 | L52: A2406 | M52: 비유동매출채권 | N52: =L52=B52 -> TRUE
B53: A2406C | C53: 비유동매출채권/Intercompany | D53: 0 | E53: 0 | J53: A24060 | K53: 비유동매출채권 | L53: A2406C | M53: 비유동매출채권/Intercompany | N53: =L53=B53 -> TRUE
B54: A2406-1 | C54: 현재가치할인차금(비유동)-비유동외상매출금 | D54: 0 | E54: 0 | J54: A24060 | K54: 비유동매출채권 | L54: A2406-1 | M54: 현재가치할인차금(비유동)-비유동외상매출금 | N54: =L54=B54 -> TRUE
B55: A2406-2 | C55: 대손충당금-비유동매출채권 | D55: 0 | E55: 0 | J55: A24060 | K55: 비유동매출채권 | L55: A2406-2 | M55: 대손충당금-비유동매출채권 | N55: =L55=B55 -> TRUE
B56: BS | C56: (2)유형자산 | D56: 23568001502 | E56: 7486 | L56: BS | M56: (2)유형자산 | N56: =L56=B56 -> TRUE
B57: A2201 | C57: 토지 | D57: 10242504190 | E57: 0 | J57: A22000 | K57: 유형자산 | L57: A2201 | M57: 토지 | N57: =L57=B57 -> TRUE
B58: A2202 | C58: 건물 | D58: 10031774698 | E58: 0 | J58: A22000 | K58: 유형자산 | L58: A2202 | M58: 건물 | N58: =L58=B58 -> TRUE
B59: A2202-1 | C59: 감가상각누계액-건물 | D59: -1432627018 | E59: 0 | J59: A22000 | K59: 유형자산 | L59: A2202-1 | M59: 감가상각누계액-건물 | N59: =L59=B59 -> TRUE
B60: A2203 | C60: 구축물 | D60: 22700000 | E60: 0 | J60: A22000 | K60: 유형자산 | L60: A2203 | M60: 구축물 | N60: =L60=B60 -> TRUE
B61: A2203-1 | C61: 감가상각누계액-구축물 | D61: -3171875 | E61: 0 | J61: A22000 | K61: 유형자산 | L61: A2203-1 | M61: 감가상각누계액-구축물 | N61: =L61=B61 -> TRUE
B62: A2204 | C62: 기계장치 | D62: 6503637671 | E62: 0 | J62: A22000 | K62: 유형자산 | L62: A2204 | M62: 기계장치 | N62: =L62=B62 -> TRUE
B63: A2204-1 | C63: 감가상각누계액-기계장치 | D63: -3140202769 | E63: 0 | J63: A22000 | K63: 유형자산 | L63: A2204-1 | M63: 감가상각누계액-기계장치 | N63: =L63=B63 -> TRUE
B64: A2204-2 | C64: 손상차손누계액-기계장치 | D64: 0 | E64: 0 | J64: A22000 | K64: 유형자산 | L64: A2204-2 | M64: 손상차손누계액-기계장치 | N64: =L64=B64 -> TRUE
B65: A2205 | C65: 차량운반구 | D65: 34420100 | E65: 0 | J65: A22000 | K65: 유형자산 | L65: A2205 | M65: 차량운반구 | N65: =L65=B65 -> TRUE
B66: A2205-1 | C66: 감가상각누계액-차량운반구 | D66: -28363302 | E66: 0 | J66: A22000 | K66: 유형자산 | L66: A2205-1 | M66: 감가상각누계액-차량운반구 | N66: =L66=B66 -> TRUE
B67: A2206 | C67: 공구와기구 | D67: 201435000 | E67: 0 | J67: A22000 | K67: 유형자산 | L67: A2206 | M67: 공구와기구 | N67: =L67=B67 -> TRUE
B68: A2206-1 | C68: 감가상각누계액-공구와기구 | D68: -151462155 | E68: 0 | J68: A22000 | K68: 유형자산 | L68: A2206-1 | M68: 감가상각누계액-공구와기구 | N68: =L68=B68 -> TRUE
... B76: A2211-1 | C76: 사용권자산-감가상각누계액 | D76: -41857019 | E76: 0 | J76: A22000 | K76: 유형자산 | L76: A2211-1 | M76: 사용권자산-감가상각누계액 | N76: =L76=B76 -> TRUE
D77: 0 | E77: 0 | N77: =L77=B77 -> TRUE
B78: BS | C78: (3)무형자산 | D78: 304889405 | E78: 0 | L78: BS | M78: (3)무형자산 | N78: =L78=B78 -> TRUE
B79: A2301 | C79: 영업권 | D79: 0 | E79: 0 | J79: A23000 | K79: 무형자산 | L79: A2301 | M79: 영업권 | N79: =L79=B79 -> TRUE
B80: A2302 | C80: 소프트웨어 | D80: 120423562 | E80: 0 | J80: A23000 | K80: 무형자산 | L80: A2302 | M80: 소프트웨어 | N80: =L80=B80 -> TRUE
B81: A2302-1 | C81: 상각누계액-소프트웨어 | D81: -104068596 | E81: 0 | J81: A23000 | K81: 무형자산 | L81: A2302-1 | M81: 상각누계액-소프트웨어 | N81: =L81=B81 -> TRUE
B82: A2303 | C82: 산업재산권 | D82: 455258699 | E82: 0 | J82: A23000 | K82: 무형자산 | L82: A2303 | M82: 산업재산권 | N82: =L82=B82 -> TRUE
B83: A2303-1 | C83: 상각누계액-산업재산권 | D83: -339194260 | E83: 0 | J83: A23000 | K83: 무형자산 | L83: A2303-1 | M83: 상각누계액-산업재산권 | N83: =L83=B83 -> TRUE
B84: A2304 | C84: 골프회원권 | D84: 172470000 | E84: 0 | J84: A23000 | K84: 무형자산 | L84: A2304 | M84: 골프회원권 | N84: =L84=B84 -> TRUE
B85: A2305 | C85: 토지이용권 | D85: 0 | E85: 0 | J85: A23000 | K85: 무형자산 | L85: A2305 | M85: 토지이용권 | N85: =L85=B85 -> TRUE
B86: A2306 | C86: 고객관계 | D86: 0 | E86: 0 | J86: A23000 | K86: 무형자산 | L86: A2306 | M86: 고객관계 | N86: =L86=B86 -> TRUE
B87: A2401 | C87: 이연법인세자산 | D87: 0 | E87: 0 | J87: A24010 | K87: 이연법인세자산 | L87: A2401 | M87: 이연법인세자산 | N87: =L87=B87 -> TRUE
B88: BS | C88: 자산총계 | D88: 131188840659 | E88: 914247 | L88: BS | M88: 자산총계 | N88: =L88=B88 -> TRUE
B89: BS | C89: 부채 | L89: BS | M89: 부채 | N89: =L89=B89 -> TRUE
B90: BS | C90: Ⅰ.유동부채 | D90: 16876608631 | E90: 5693 | L90: BS | M90: Ⅰ.유동부채 | N90: =L90=B90 -> TRUE
B91: L1001 | C91: 외상매입금 | D91: 2315989588 | E91: 0 | J91: L10010 | K91: 매입채무 | L91: L1001 | M91: 외상매입금 | N91: =L91=B91 -> TRUE
B92: L1001C | C92: 외상매입금/Intercompany | D92: 0 | E92: 0 | J92: L10010 | K92: 매입채무 | L92: L1001C | M92: 외상매입금/Intercompany | N92: =L92=B92 -> TRUE
B93: L1002 | C93: 미지급금 | D93: 811451092 | E93: 5693 | J93: L10020 | K93: 기타금융부채(유동) | L93: L1002 | M93: 미지급금 | N93: =L93=B93 -> TRUE
B94: L1002C | C94: 미지급금/Intercompany | D94: 0 | E94: 0 | J94: L10020 | K94: 기타금융부채(유동) | L94: L1002C | M94: 미지급금/Intercompany | N94: =L94=B94 -> TRUE
B95: L1003 | C95: 예수금 | D95: 92240620 | E95: 0 | J95: L10030 | K95: 기타유동부채 | L95: L1003 | M95: 예수금 | N95: =L95=B95 -> TRUE
B96: L1005 | C96: 기타보증금(부채) | D96: 5756000 | E96: 0 | J96: L10020 | K96: 기타금융부채(유동) | L96: L1005 | M96: 기타보증금(부채) | N96: =L96=B96 -> TRUE
B97: L1006 | C97: 선수금 | D97: 0 | E97: 0 | J97: L10030 | K97: 기타유동부채 | L97: L1006 | M97: 선수금 | N97: =L97=B97 -> TRUE
B98: L1025 | C98: 선수수익 | D98: 0 | E98: 0 | J98: L10030 | K98: 기타유동부채 | L98: L1025 | M98: 선수수익 | N98: =L98=B98 -> TRUE
B99: L1017 | C99: 계약부채 | D99: 284270337 | E99: 0 | J99: L10170 | K99: 계약부채 | L99: L1017 | M99: 계약부채 | N99: =L99=B99 -> TRUE
B100: L1007 | C100: 단기차입금 | D100: 12000000000 | E100: 0 | J100: L10070 | K100: 차입금(유동) | L100: L1007 | M100: 단기차입금 | N100: =L100=B100 -> TRUE
B101: L1008 | C101: 미지급세금 | D101: 964956210 | E101: 0 | J101: L10080 | K101: 당기법인세부채 | L101: L1008 | M101: 미지급세금 | N101: =L101=B101 -> TRUE
B102: L1009 | C102: 미지급비용 | D102: 177318330 | E102: 0 | J102: L10030 | K102: 기타유동부채 | L102: L1009 | M102: 미지급비용 | N102: =L102=B102 -> TRUE
... B107: L1023 | C107: 환불부채(반품관련) | D107: 0 | E107: 0 | J107: L10020 | K107: 기타금융부채(유동) | L107: L1023 | M107: 환불부채(반품관련) | N107: =L107=B107 -> TRUE
B108: BS | C108: Ⅱ.비유동부채 | D108: 3400236326 | E108: 0 | L108: BS | M108: Ⅱ.비유동부채 | N108: =L108=B108 -> TRUE
B109: L2001 | C109: 사채 | D109: 0 | E109: 0 | J109: L20010 | K109: 사채(비유동) | L109: L2001 | M109: 사채 | N109: =L109=B109 -> TRUE
B110: L2002 | C110: 장기차입금 | D110: 0 | E110: 0 | J110: L20020 | K110: 차입금(비유동) | L110: L2002 | M110: 장기차입금 | N110: =L110=B110 -> TRUE
B111: L2003 | C111: 임대보증금 | D111: 5000000 | E111: 0 | J111: L20030 | K111: 기타금융부채(비유동) | L111: L2003 | M111: 임대보증금 | N111: =L111=B111 -> TRUE
B112: L2004 | C112: 퇴직급여충당부채 | D112: 0 | E112: 0 | J112: L20040 | K112: 순확정급여부채 | L112: L2004 | M112: 퇴직급여충당부채 | N112: =L112=B112 -> TRUE
B113: L2006 | C113: 지급보증부채 | D113: 0 | E113: 0 | J113: L20030 | K113: 기타금융부채(비유동) | L113: L2006 | M113: 지급보증부채 | N113: =L113=B113 -> TRUE
B114: L2011 | C114: 기타장기종업원급여채무 | D114: 25303266 | E114: 0 | J114: L20110 | K114: 장기종업원급여 | L114: L2011 | M114: 기타장기종업원급여채무 | N114: =L114=B114 -> TRUE
B115: L2016 | C115: 리스부채(비유동) | D115: 50916000 | E115: 0 | J115: L20160 | K115: 리스부채(비유동) | L115: L2016 | M115: 리스부채(비유동) | N115: =L115=B115 -> TRUE
B116: L2016-1 | C116: 현재가치할인차금-리스부채(비유동) | D116: -1340414 | E116: 0 | J116: L20160 | K116: 리스부채(비유동) | L116: L2016-1 | M116: 현재가치할인차금-리스부채(비유동) | N116: =L116=B116 -> TRUE
B117: L2018 | C117: 이연법인세부채 | D117: 3320357474 | E117: 0 | L117: L2018 | M117: 이연법인세부채 | N117: =L117=B117 -> TRUE
...

Sheet A-1. 별도FS_20
C1: IFRS PKG Version | D1: 연결 v6.0 | E1: PKG V1.0
D3: =D88-D150 -> 0 | E3: =E88-E150 -> 0 | J3: =J88-J150 -> 0 | L3: =L88-L150 -> 0 | M3: =M88-M150 -> 0 | N3: =N88-N150 -> 0
D4: =D142-D242 -> 0 | E4: =E142-E242 -> 0 | J4: =J143-J242 -> 0 | L4: =L143-L242 -> 0
B5: ='[195]A. 별도FS 환산'!B5 -> 44196 | C5: Local Currency | D5: ='[195]A. 별도FS 환산'!E3 -> KRW | E5: ='[195]A. 별도FS 환산'!F3 -> USD | P5: Disclosure Level - | Q5: IFRS | U5: Account Code | V5: Account
B6: Account code | C6: Account Name | D6: BN Korea | E6: Bionote USA Inc. | P6: Code | Q6: Account (P/D Level))
C7: 자산 | V7: 자산
B8: BS | C8: Ⅰ.유동자산 | D8: 572917913876 | E8: =SUM(E9,E30) -> 1135202 | J8: =SUM(J10:J30) -> 0 | K8: =SUM(K10:K30) -> 0 | L8: =SUM(L10:L30) -> 0 | M8: =SUM(M10:M30) -> 0 | N8: =SUM(N10:N30) -> 0 | U8: A1000 | V8: 유동자산 | W8: =U8=B8 -> FALSE | X8: =V8=C8 -> FALSE
C9: (1)당좌자산 | D9: 519871359963 | E9: =SUM(E10:E29) -> 1091484 | U9: A1100 | V9: 당좌자산 | W9: =U9=B9 -> FALSE | X9: =V9=C9 -> FALSE
B10: A1101 | C10: 현금시재 | D10: 9195143 | E10: 600 | P10: A11010 | Q10: 현금및현금성자산 | U10: A1101 | V10: 현금시재 | W10: =U10=B10 -> TRUE | X10: =V10=C10 -> TRUE
B11: A1102 | C11: 보통예금 | D11: 122537878506 | E11: =501284.39+500000 -> 1001284.4 | P11: A11010 | Q11: 현금및현금성자산 | U11: A1102 | V11: 보통예금 | W11: =U11=B11 -> TRUE | X11: =V11=C11 -> TRUE
B12: A1103 | C12: 국고보조금-현금및현금성자산 | D12: -13293321 | E12: 0 | P12: A11010 | Q12: 현금및현금성자산 | U12: A1103 | V12: 국고보조금-현금및현금성자산 | W12: =U12=B12 -> TRUE | X12: =V12=C12 -> TRUE
B13: A1104 | C13: 정기예.적금 | D13: 40000000000 | E13: 0 | P13: A11040 | Q13: 단기금융상품 | U13: A1104 | V13: 정기예.적금 | W13: =U13=B13 -> TRUE | X13: =V13=C13 -> TRUE
B14: A1105 | C14: 당기손익-공정가치금융자산(유동) | D14: 40530571199 | E14: 0 | P14: A11050 | Q14: 당기손익-공정가치금융자산(유동) | U14: A1105 | V14: 당기손익-공정가치금융자산(유동) | W14: =U14=B14 -> TRUE | X14: =V14=C14 -> TRUE
B15: A1106 | C15: 외상매출금 | D15: 311239364207 | E15: 89599.64 | P15: A11060 | Q15: 매출채권 | U15: A1106 | V15: 외상매출금 | W15: =U15=B15 -> TRUE | X15: =V15=C15 -> TRUE
B16: A1106C | C16: 외상매출금/Intercompany | D16: 0 | E16: 0 | P16: A11060 | Q16: 매출채권 | U16: A1106C | V16: 외상매출금/Intercompany | W16: =U16=B16 -> TRUE | X16: =V16=C16 -> TRUE
B17: A1106-1 | C17: 현재가치할인차금(유동)-외상매출금 | D17: 0 | E17: 0 | P17: A11060 | Q17: 매출채권 | U17: A1106-1 | V17: 현재가치할인차금(유동)-외상매출금 | W17: =U17=B17 -> TRUE | X17: =V17=C17 -> TRUE
B18: A1107 | C18: 대손충당금-외상매출금 | D18: -619075951 | E18: 0 | P18: A11060 | Q18: 매출채권 | U18: A1107 | V18: 대손충당금-외상매출금 | W18: =U18=B18 -> TRUE | X18: =V18=C18 -> TRUE
B19: A1107C | C19: 대손충당금-외상매출금/Intercompany | D19: 0 | E19: 0 | P19: A11060 | Q19: 매출채권 | U19: A1107C | V19: 대손충당금-외상매출금/Intercompany | W19: =U19=B19 -> TRUE | X19: =V19=C19 -> TRUE
B20: A1109 | C20: 단기대여금 | D20: 0 | E20: 0 | P20: A11090 | Q20: 기타금융자산 | U20: A1109 | V20: 단기대여금 | W20: =U20=B20 -> TRUE | X20: =V20=C20 -> TRUE
B21: A1109-1 | C21: 현재가치할인차금-단기대여금 | D21: 0 | E21: 0 | P21: A11090 | Q21: 기타금융자산 | U21: A1109-1 | V21: 현재가치할인차금-단기대여금 | W21: =U21=B21 -> TRUE | X21: =V21=C21 -> TRUE
B22: A1111 | C22: 미수수익 | D22: 0 | E22: 0 | P22: A11090 | Q22: 기타금융자산 | U22: A1111 | V22: 미수수익 | W22: =U22=B22 -> TRUE | X22: =V22=C22 -> TRUE
B23: A1112 | C23: 미수금 | D23: 86832198 | E23: 0 | P23: A11090 | Q23: 기타금융자산 | U23: A1112 | V23: 미수금 | W23: =U23=B23 -> TRUE | X23: =V23=C23 -> TRUE
... B25: A1116 | C25: 선급비용 | D25: 20109358 | E25: 0 | P25: A11150 | Q25: 기타유동자산 | U25: A1116 | V25: 선급비용 | W25: =U25=B25 -> TRUE | X25: =V25=C25 -> TRUE
B26: A1117 | C26: 부가세대급금 | D26: 0 | E26: 0 | P26: A11150 | Q26: 기타유동자산 | U26: A1117 | V26: 부가세대급금
B27: A1119 | C27: 당기법인세자산 | D27: 0 | E27: 0 | P27: A11190 | Q27: 당기법인세자산 | U27: A1119 | V27: 당기법인세자산 | W27: =U27=B27 -> TRUE | X27: =V27=C27 -> TRUE
B28: A1118 | C28: 유동성이연법인세자산 | D28: 0 | E28: 0 | P28: A11180 | Q28: 이연법인세자산 | U28: A1118 | V28: 유동성이연법인세자산 | W28: =U28=B28 -> TRUE | X28: =V28=C28 -> TRUE
B29: A1121 | C29: 반환재고회수권(계약자산) | D29: 0 | E29: 0 | P29: A11150 | Q29: 기타유동자산 | U29: A1121 | V29: 반환재고회수권(계약자산) | W29: =U29=B29 -> TRUE | X29: =V29=C29 -> TRUE
C30: (2)재고자산 | D30: 53046553913 | E30: 43718 | U30: A1122 | V30: 계약자산 | W30: =U30=B30 -> FALSE | X30: =V30=C30 -> FALSE
B31: A1201 | C31: 상품 | D31: 1024597346 | E31: 43718 | P31: A12001 | Q31: 재고자산 | U31: A1200 | V31: 재고자산 | W31: =U31=B31 -> FALSE | X31: =V31=C31 -> FALSE
B32: A1202 | C32: 제품 | D32: 9749294700 | E32: 0 | P32: A12001 | Q32: 재고자산 | U32: A1201 | V32: 상품 | W32: =U32=B32 -> FALSE | X32: =V32=C32 -> FALSE
B33: A1203 | C33: 제품평가충당금 | D33: -692503942 | E33: 0 | P33: A12001 | Q33: 재고자산 | U33: A1202 | V33: 제품 | W33: =U33=B33 -> FALSE | X33: =V33=C33 -> FALSE
B34: A1204 | C34: 원재료 | D34: 17942503420 | E34: 0 | P34: A12001 | Q34: 재고자산 | U34: A1203 | V34: 제품평가충당금 | W34: =U34=B34 -> FALSE | X34: =V34=C34 -> FALSE
B35: A1205 | C35: 원재료평가충당금 | D35: -840869466 | E35: 0 | P35: A12001 | Q35: 재고자산 | U35: A1204 | V35: 원재료 | W35: =U35=B35 -> FALSE | X35: =V35=C35 -> FALSE
B36: A1206 | C36: 부재료 | D36: 8982567553 | E36: 0 | P36: A12001 | Q36: 재고자산 | U36: A1205 | V36: 원재료평가충당금 | W36: =U36=B36 -> FALSE | X36: =V36=C36 -> FALSE
B37: A1207 | C37: 재공품 | D37: 17547814739 | E37: 0 | P37: A12001 | Q37: 재고자산 | U37: A1206 | V37: 부재료 | W37: =U37=B37 -> FALSE | X37: =V37=C37 -> FALSE
B38: A1208 | C38: 재공품평가충당금 | D38: -1033566288 | E38: 0 | P38: A12001 | Q38: 재고자산 | U38: A1207 | V38: 재공품 | W38: =U38=B38 -> FALSE | X38: =V38=C38 -> FALSE
B39: A1209 | C39: 반제품 | D39: 0 | E39: 0 | P39: A12001 | Q39: 재고자산 | U39: A1208 | V39: 재공품평가충당금 | W39: =U39=B39 -> FALSE | X39: =V39=C39 -> FALSE
B40: A1210 | C40: 반제품평가충당금 | D40: 0 | E40: 0 | P40: A12001 | Q40: 재고자산 | U40: A1209 | V40: 반제품 | W40: =U40=B40 -> FALSE | X40: =V40=C40 -> FALSE
B41: A1211 | C41: 미착품 | D41: 366715851 | E41: 0 | P41: A12001 | Q41: 재고자산 | U41: A1210 | V41: 반제품평가충당금 | W41: =U41=B41 -> FALSE | X41: =V41=C41 -> FALSE
B42: BS | C42: Ⅱ.비유동자산 | D42: 1.3993539e+11 | E42: 11047.35 | J42: =SUM(J43:J57,J78,J87) -> 0 | L42: =SUM(L43:L57,L78,L87) -> 0 | M42: =SUM(M43:M57,M78,M87) -> 0 | N42: =SUM(N43:N57,N78,N87) -> 0 | U42: A1211 | V42: 미착품 | W42: =U42=B42 -> FALSE | X42: =V42=C42 -> FALSE
B43: A2103 | C43: 장기대여금 | D43: 0 | E43: 0 | P43: A21030 | Q43: 기타금융자산(비유동) | W43: =U43=B43 -> FALSE | X43: =V43=C43 -> FALSE
B44: A2103-1 | C44: 현재가치할인차금-장기대여금 | D44: 0 | E44: 0 | P44: A21030 | Q44: 기타금융자산(비유동) | U44: A2000 | V44: 비유동자산 | W44: =U44=B44 -> FALSE | X44: =V44=C44 -> FALSE
B45: A2102 | C45: 당기손익-공정가치금융자산(비유동) | D45: 5.0476224e+09 | E45: 0 | P45: A21020 | Q45: 당기손익-공정가치금융자산(비유동) | U45: A2100 | V45: 투자자산 | W45: =U45=B45 -> FALSE | X45: =V45=C45 -> FALSE
B46: A2104 | C46: 장기매도가능증권 | D46: 0 | E46: 0 | P46: A21040 | Q46: 매도가능금융자산 | U46: A2103 | V46: 장기대여금 | W46: =U46=B46 -> FALSE | X46: =V46=C46 -> FALSE
B47: A2106 | C47: 종속기업투자 | D47: 1725826013 | E47: 0 | P47: A21060 | Q47: 종속관계기업투자 | U47: A2103-1 | V47: 현재가치할인차금-장기대여금 | W47: =U47=B47 -> FALSE | X47: =V47=C47 -> FALSE
B48: A2107 | C48: 관계기업투자 | D48: 82863041989 | E48: 0 | P48: A21060 | Q48: 종속관계기업투자 | U48: A2102 | V48: 당기손익-공정가치금융자산(비유동) | W48: =U48=B48 -> FALSE | X48: =V48=C48 -> FALSE
B49: A2402 | C49: 임차보증금 | D49: 359044000 | E49: 0 | P49: A21030 | Q49: 기타금융자산(비유동) | U49: A2104 | V49: 장기매도가능증권 | W49: =U49=B49 -> FALSE | X49: =V49=C49 -> FALSE
B50: A2402-1 | C50: 현재가치할인차금-임차보증금 | D50: 0 | E50: 0 | P50: A21030 | Q50: 기타금융자산(비유동) | U50: A2106 | V50: 종속기업투자 | W50: =U50=B50 -> FALSE | X50: =V50=C50 -> FALSE
B51: A2402B | C51: 기타보증금 | D51: 42450000 | E51: 0 | P51: A21030 | Q51: 기타금융자산(비유동) | U51: A2107 | V51: 관계기업투자
B52: A2403 | C52: 회원권 | D52: 0 | E52: 0 | P52: A21030 | Q52: 기타금융자산(비유동) | U52: A2200 | V52: 유형자산 | W52: =U52=B52 -> FALSE | X52: =V52=C52 -> FALSE
B53: A2406 | C53: 비유동매출채권 | D53: 0 | E53: 0 | P53: A24060 | Q53: 비유동매출채권 | U53: A2201 | V53: 토지 | W53: =U53=B53 -> FALSE | X53: =V53=C53 -> FALSE
B54: A2406C | C54: 비유동매출채권/Intercompany | D54: 0 | E54: 0 | P54: A24060 | Q54: 비유동매출채권 | U54: A2202 | V54: 건물 | W54: =U54=B54 -> FALSE | X54: =V54=C54 -> FALSE
B55: A2406-1 | C55: 현재가치할인차금(비유동)-비유동외상매출금 | D55: 0 | E55: 0 | P55: A24060 | Q55: 비유동매출채권 | U55: A2202-1 | V55: 감가상각누계액-건물 | W55: =U55=B55 -> FALSE | X55: =V55=C55 -> FALSE
B56: A2406-2 | C56: 대손충당금-비유동매출채권 | D56: 0 | E56: 0 | P56: A24060 | Q56: 비유동매출채권 | U56: A2203 | V56: 구축물 | W56: =U56=B56 -> FALSE | X56: =V56=C56 -> FALSE
B57: BS | C57: (2)유형자산 | D57: 49647312159 | E57: 11047.35 | J57: =SUM(J58:J76) -> 0 | L57: =SUM(L58:L72) -> 0 | M57: =SUM(M58:M72) -> 0 | N57: =SUM(N58:N72) -> 0 | U57: A2203-1 | V57: 감가상각누계액-구축물 | W57: =U57=B57 -> FALSE | X57: =V57=C57 -> FALSE
B58: A2201 | C58: 토지 | D58: 14540910314 | E58: 0 | P58: A22000 | Q58: 유형자산 | U58: A2204 | V58: 기계장치 | W58: =U58=B58 -> FALSE | X58: =V58=C58 -> FALSE
B59: A2202 | C59: 건물 | D59: 19217775430 | E59: 0 | P59: A22000 | Q59: 유형자산 | U59: A2204-1 | V59: 감가상각누계액-기계장치 | W59: =U59=B59 -> FALSE | X59: =V59=C59 -> FALSE
B60: A2202-1 | C60: 감가상각누계액-건물 | D60: -1727592015 | E60: 0 | P60: A22000 | Q60: 유형자산 | U60: A2204-2 | V60: 손상차손누계액-기계장치 | W60: =U60=B60 -> FALSE | X60: =V60=C60 -> FALSE
B61: A2203 | C61: 구축물 | D61: 257700000 | E61: 0 | P61: A22000 | Q61: 유형자산 | U61: A2205 | V61: 차량운반구 | W61: =U61=B61 -> FALSE | X61: =V61=C61 -> FALSE
B62: A2203-1 | C62: 감가상각누계액-구축물 | D62: -4353959 | E62: 0 | P62: A22000 | Q62: 유형자산 | U62: A2205-1 | V62: 감가상각누계액-차량운반구 | W62: =U62=B62 -> FALSE | X62: =V62=C62 -> FALSE
B63: A2204 | C63: 기계장치 | D63: 15320979207 | E63: 0 | P63: A22000 | Q63: 유형자산 | U63: A2206 | V63: 공구와기구 | W63: =U63=B63 -> FALSE | X63: =V63=C63 -> FALSE
B64: A2204-1 | C64: 감가상각누계액-기계장치 | D64: -3981680038 | E64: 0 | P64: A22000 | Q64: 유형자산 | U64: A2206-1 | V64: 감가상각누계액-공구와기구 | W64: =U64=B64 -> FALSE | X64: =V64=C64 -> FALSE
B65: A2204-2 | C65: 손상차손누계액-기계장치 | D65: 0 | E65: 0 | P65: A22000 | Q65: 유형자산 | U65: A2206-2 | V65: 손상차손누계액-공구와기구 | W65: =U65=B65 -> FALSE | X65: =V65=C65 -> FALSE
B66: A2205 | C66: 차량운반구 | D66: 125824402 | E66: 0 | P66: A22000 | Q66: 유형자산 | U66: A2207 | V66: 비품 | W66: =U66=B66 -> FALSE | X66: =V66=C66 -> FALSE
B67: A2205-1 | C67: 감가상각누계액-차량운반구 | D67: -24557355 | E67: 0 | P67: A22000 | Q67: 유형자산 | U67: A2207-1 | V67: 감가상각누계액-비품 | W67: =U67=B67 -> FALSE | X67: =V67=C67 -> FALSE
B68: A2206 | C68: 공구와기구 | D68: 211935000 | E68: 0 | P68: A22000 | Q68: 유형자산 | U68: A2208 | V68: 건설중인자산 | W68: =U68=B68 -> FALSE | X68: =V68=C68 -> FALSE
B69: A2206-1 | C69: 감가상각누계액-공구와기구 | D69: -171495917 | E69: 0 | P69: A22000 | Q69: 유형자산 | U69: A2209 | V69: 시설장치 | W69: =U69=B69 -> FALSE | X69: =V69=C69 -> FALSE
... B72: A2207-1 | C72: 감가상각누계액-비품 | D72: -1064337579 | E72: -4214 | P72: A22000 | Q72: 유형자산 | U72: A2211-1 | V72: 사용권자산-감가상각누계액 | W72: =U72=B72 -> FALSE | X72: =V72=C72 -> FALSE
B73: A2208 | C73: 건설중인자산 | D73: 4219307334 | E73: 0 | P73: A22000 | Q73: 유형자산 | W73: =U73=B73 -> FALSE | X73: =V73=C73 -> FALSE
B74: A2209 | C74: 시설장치 | D74: 2038676723 | E74: 0 | P74: A22000 | Q74: 유형자산 | U74: A2300 | V74: 무형자산 | W74: =U74=B74 -> FALSE | X74: =V74=C74 -> FALSE
B75: A2209-1 | C75: 감가상각누계액-시설장치 | D75: -1418011609 | E75: 0 | P75: A22000 | Q75: 유형자산 | U75: A2301 | V75: 영업권 | W75: =U75=B75 -> FALSE | X75: =V75=C75 -> FALSE
B76: A2211 | C76: 사용권자산 | D76: 458164559 | E76: 0 | P76: A22000 | Q76: 유형자산 | U76: A2302 | V76: 소프트웨어 | W76: =U76=B76 -> FALSE | X76: =V76=C76 -> FALSE
B77: A2211-1 | C77: 사용권자산-감가상각누계액 | D77: -118025644 | E77: 0 | P77: A22000 | Q77: 유형자산 | U77: A2302-1 | V77: 상각누계액-소프트웨어 | W77: =U77=B77 -> FALSE | X77: =V77=C77 -> FALSE
B78: BS | C78: (3)무형자산 | D78: 250089092 | E78: 0 | J78: =SUM(J79:J82) -> 0 | L78: =SUM(L79:L82) -> 0 | M78: =SUM(M79:M82) -> 0 | N78: =SUM(N79:N82) -> 0 | U78: A2303 | V78: 산업재산권 | W78: =U78=B78 -> FALSE | X78: =V78=C78 -> FALSE
B79: A2301 | C79: 영업권 | D79: 0 | E79: 0 | P79: A23000 | Q79: 무형자산 | U79: A2303-1 | V79: 상각누계액-산업재산권 | W79: =U79=B79 -> FALSE | X79: =V79=C79 -> FALSE
B80: A2302 | C80: 소프트웨어 | D80: 144014402 | E80: 0 | P80: A23000 | Q80: 무형자산 | U80: A2304 | V80: 회원권(골프회원권 등) | W80: =U80=B80 -> FALSE | X80: =V80=C80 -> FALSE
B81: A2302-1 | C81: 상각누계액-소프트웨어 | D81: -111469829 | E81: 0 | P81: A23000 | Q81: 무형자산 | U81: A2305 | V81: 토지이용권
B82: A2303 | C82: 산업재산권 | D82: 455258699 | E82: 0 | P82: A23000 | Q82: 무형자산 | U82: A2400 | V82: 기타비유동자산 | W82: =U82=B82 -> FALSE | X82: =V82=C82 -> FALSE
B83: A2303-1 | C83: 상각누계액-산업재산권 | D83: -410184180 | E83: 0 | P83: A23000 | Q83: 무형자산 | U83: A2401 | V83: 이연법인세자산
B84: A2304 | C84: 골프회원권 | D84: 172470000 | E84: 0 | P84: A23000 | Q84: 무형자산 | U84: A2406 | V84: 비유동매출채권 | W84: =U84=B84 -> FALSE | X84: =V84=C84 -> FALSE
B85: A2305 | C85: 토지이용권 | D85: 0 | E85: 0 | P85: A23000 | Q85: 무형자산 | U85: A2406C | V85: 비유동매출채권/Intercompany | W85: =U85=B85 -> FALSE | X85: =V85=C85 -> FALSE
B86: A2306 | C86: 고객관계 | D86: 0 | E86: 0 | P86: A23000 | Q86: 무형자산 | U86: A2406-1 | V86: 현재가치할인차금(비유동)-비유동외상매출금 | W86: =U86=B86 -> FALSE | X86: =V86=C86 -> FALSE
B87: A2401 | C87: 이연법인세자산 | D87: 0 | E87: 0 | P87: A24010 | Q87: 이연법인세자산 | U87: A2406-2 | V87: 대손충당금-비유동매출채권 | W87: =U87=B87 -> FALSE | X87: =V87=C87 -> FALSE
B88: BS | C88: 자산총계 | D88: 7.128533e+11 | E88: =E42+E8 -> 1146249.4 | J88: =J42+J8 -> 0 | L88: =L42+L8 -> 0 | M88: =M42+M8 -> 0 | N88: =N42+N8 -> 0 | U88: A2402 | V88: 임차보증금 | W88: =U88=B88 -> FALSE | X88: =V88=C88 -> FALSE
B89: BS | C89: 부채 | U89: A2402-1 | V89: 현재가치할인차금-임차보증금 | W89: =U89=B89 -> FALSE | X89: =V89=C89 -> FALSE
B90: BS | C90: Ⅰ.유동부채 | D90: 184007865675 | E90: 41299.43 | J90: =SUM(J91:J109) -> 0 | L90: =SUM(L91:L109) -> 0 | M90: =SUM(M91:M109) -> 0 | N90: =SUM(N91:N109) -> 0 | U90: A2402B | V90: 기타보증금 | W90: =U90=B90 -> FALSE | X90: =V90=C90 -> FALSE
B91: L1001 | C91: 외상매입금 | D91: 29810884706 | E91: 0 | P91: L10010 | Q91: 매입채무 | U91: A2403 | V91: 회원권 | W91: =U91=B91 -> FALSE | X91: =V91=C91 -> FALSE
B92: L1001C | C92: 외상매입금/Intercompany | D92: 0 | E92: 0 | P92: L10010 | Q92: 매입채무 | W92: =U92=B92 -> FALSE | X92: =V92=C92 -> FALSE
B93: L1002 | C93: 미지급금 | D93: 3022436678 | E93: 41299.43 | P93: L10020 | Q93: 기타금융부채(유동) | V93: 자산총계 | W93: =U93=B93 -> FALSE | X93: =V93=C93 -> FALSE
B94: L1002C | C94: 미지급금/Intercompany | D94: 0 | E94: 0 | P94: L10020 | Q94: 기타금융부채(유동) | U94: L1000 | V94: 유동부채 | W94: =U94=B94 -> FALSE | X94: =V94=C94 -> FALSE
B95: L1003 | C95: 예수금 | D95: 0 | E95: 0 | P95: L10030 | Q95: 기타유동부채 | U95: L1001 | V95: 외상매입금 | W95: =U95=B95 -> FALSE | X95: =V95=C95 -> FALSE
B96: L1004 | C96: 부가세예수금 | D96: 8095212856 | E96: 0 | P96: L10030 | Q96: 기타유동부채 | U96: L1001C | V96: 외상매입금/Intercompany
B97: L1005 | C97: 기타보증금(부채) | D97: 2159272 | E97: 0 | P97: L10020 | Q97: 기타금융부채(유동) | U97: L1002 | V97: 미지급금
B98: L1005B | C98: 임대보증금(부채) | D98: 420000000 | E98: 0 | P98: L10020 | Q98: 기타금융부채(유동) | U98: L1002C | V98: 미지급금/Intercompany
B99: L1006 | C99: 선수금 | D99: 0 | E99: 0 | P99: L10030 | Q99: 기타유동부채 | U99: L1003 | V99: 예수금 | W99: =U99=B99 -> FALSE | X99: =V99=C99 -> FALSE
B100: L1025 | C100: 선수수익 | D100: 0 | E100: 0 | P100: L10030 | Q100: 기타유동부채 | U100: L1004 | V100: 부가세예수금
B101: L1017 | C101: 계약부채 | D101: 575376334 | E101: 0 | P101: L10170 | Q101: 계약부채 | U101: L1005 | V101: 기타보증금(부채) | W101: =U101=B101 -> FALSE | X101: =V101=C101 -> FALSE
B102: L1007 | C102: 단기차입금 | D102: 0 | E102: 0 | P102: L10070 | Q102: 차입금(유동) | U102: L1005B | V102: 임대보증금(부채) | W102: =U102=B102 -> FALSE | X102: =V102=C102 -> FALSE
B103: L1008 | C103: 미지급세금 | D103: 139102800790 | E103: 0 | P103: L10080 | Q103: 당기법인세부채 | U103: L1006 | V103: 선수금 | W103: =U103=B103 -> FALSE | X103: =V103=C103 -> FALSE
B104: L1009 | C104: 미지급비용 | D104: 2589237419 | E104: 0 | P104: L10020 | Q104: 기타금융부채(유동) | U104: L1025 | V104: 선수수익 | W104: =U104=B104 -> FALSE | X104: =V104=C104 -> FALSE
...

Sheet C.연결조정 정산표_20
K1: 0
B2: IFRS Consolidation Worksheet | E2: Date : | F2: 44196
E3: 2020 연결 정산표 V6.0
B4: Account code | C4: Account code | D4: Account Name | E4: 연결정산표 | F4: 단순합산 | G4: 연결조정분개 | I4: 조정금액 순효과 | J4: 연결정산표 | K4: 전기말 대비 변동 | L4: 비고
B5: High Level | C5: Low Level | D5: Account Name | E5: 43830 | F5: 44196 | G5: 차변 | H5: 대변 | I5: 조정금액 순효과 | J5: 44196
B6: 0 | C6: 0 | D6: 자산 | O6: 0 | P6: 자산 | Q6: =O6=C6 -> TRUE
B7: 0 | C7: BS | D7: Ⅰ.유동자산 | E7: 24638446052 | F7: 573609013684 | J7: 573427894914 | K7: 548789448862 | O7: BS | P7: Ⅰ.유동자산 | Q7: =O7=C7 -> TRUE
B8: A11010 | C8: A1101 | D8: 현금시재 | E8: 1058619929 | F8: 9847943 | G8: 0 | H8: 0 | I8: 0 | J8: 9847943 | K8: -1048771986 | M8: 현금및현금성자산 | O8: A1101 | P8: 현금시재 | Q8: =O8=C8 -> TRUE
B9: A11010 | C9: A1102 | D9: 보통예금 | E9: 5517522912 | F9: 123083275922 | G9: 0 | H9: 0 | I9: 0 | J9: 123083275922 | K9: 117565753010 | M9: 현금및현금성자산 | O9: A1102 | P9: 보통예금 | Q9: =O9=C9 -> TRUE
B10: A11010 | C10: A1103 | D10: 국고보조금-현금및현금성자산 | E10: 0 | F10: -13293321 | G10: 0 | H10: 0 | I10: 0 | J10: -13293321 | K10: -13293321 | M10: 현금및현금성자산 | O10: A1103 | P10: 국고보조금-현금및현금성자산 | Q10: =O10=C10 -> TRUE
B11: A11040 | C11: A1104 | D11: 정기예.적금 | E11: 0 | F11: 40000000000 | G11: 0 | H11: 0 | I11: 0 | J11: 40000000000 | K11: 40000000000 | M11: 단기금융상품 | O11: A1104 | P11: 정기예.적금 | Q11: =O11=C11 -> TRUE
B12: A11050 | C12: A1105 | D12: 당기손익-공정가치금융자산(유동) | E12: 1001420524 | F12: 40530571199 | G12: 0 | H12: 0 | I12: 0 | J12: 40530571199 | K12: 39529150675 | M12: 당기손익-공정가치금융자산(유동) | O12: A1105 | P12: 당기손익-공정가치금융자산(유동) | Q12: =O12=C12 -> TRUE
B13: A11060 | C13: A1106 | D13: 외상매출금 | E13: 9358066120 | F13: 311336848615 | G13: 0 | H13: 140479840 | I13: -140479840 | J13: 311196368775 | K13: 301838302655 | M13: 매출채권 | O13: A1106 | P13: 외상매출금 | Q13: =O13=C13 -> TRUE
B14: A11060 | C14: A1106C | D14: 외상매출금/Intercompany | E14: 0 | F14: 0 | G14: 0 | H14: 0 | I14: 0 | J14: 0 | K14: 0 | M14: 매출채권 | O14: A1106C | P14: 외상매출금/Intercompany | Q14: =O14=C14 -> TRUE
B15: A11060 | C15: A1106-1 | D15: 현재가치할인차금(유동)-외상매출금 | E15: 0 | F15: 0 | G15: 0 | H15: 0 | I15: 0 | J15: 0 | K15: 0 | M15: 매출채권 | O15: A1106-1 | P15: 현재가치할인차금(유동)-외상매출금 | Q15: =O15=C15 -> TRUE
B16: A11060 | C16: A1107 | D16: 대손충당금-외상매출금 | E16: -533323483 | F16: -619075951 | G16: 0 | H16: 0 | I16: 0 | J16: -619075951 | K16: -85752468 | M16: 매출채권 | O16: A1107 | P16: 대손충당금-외상매출금 | Q16: =O16=C16 -> TRUE
B17: A11060 | C17: A1107C | D17: 대손충당금-외상매출금/Intercompany | E17: 0 | F17: 0 | G17: 0 | H17: 0 | I17: 0 | J17: 0 | K17: 0 | M17: 매출채권 | O17: A1107C | P17: 대손충당금-외상매출금/Intercompany | Q17: =O17=C17 -> TRUE
B18: A11090 | C18: A1109 | D18: 단기대여금 | E18: 0 | F18: 0 | G18: 0 | H18: 0 | I18: 0 | J18: 0 | K18: 0 | M18: 기타금융자산 | O18: A1109 | P18: 단기대여금 | Q18: =O18=C18 -> TRUE
B19: A11090 | C19: A1109-1 | D19: 현재가치할인차금-단기대여금 | E19: 0 | F19: 0 | G19: 0 | H19: 0 | I19: 0 | J19: 0 | K19: 0 | M19: 기타금융자산 | O19: A1109-1 | P19: 현재가치할인차금-단기대여금 | Q19: =O19=C19 -> TRUE
... B27: A11150 | C27: A1121 | D27: 반환재고회수권(계약자산) | E27: 0 | F27: 0 | G27: 0 | H27: 0 | I27: 0 | J27: 0 | K27: 0 | M27: 기타유동자산 | O27: A1121 | P27: 반환재고회수권(계약자산) | Q27: =O27=C27 -> TRUE
B28: 0 | C28: 0 | D28: 재고자산 | E28: 7756862850 | F28: 53094119097 | J28: 53053480167 | K28: 45296617317 | O28: 0 | P28: 재고자산 | Q28: =O28=C28 -> TRUE
B29: A12001 | C29: A1201 | D29: 상품 | E29: 545308589 | F29: 1072162530 | G29: 0 | H29: 40638930 | I29: -40638930 | J29: 1031523600 | K29: 486215011 | M29: 재고자산 | O29: A1201 | P29: 상품 | Q29: =O29=C29 -> TRUE
B30: A12001 | C30: A1202 | D30: 제품 | E30: 524830179 | F30: 9749294700 | G30: 0 | H30: 0 | I30: 0 | J30: 9749294700 | K30: 9224464521 | M30: 재고자산 | O30: A1202 | P30: 제품 | Q30: =O30=C30 -> TRUE
B31: A12001 | C31: A1203 | D31: 제품평가충당금 | E31: 0 | F31: -692503942 | G31: 0 | H31: 0 | I31: 0 | J31: -692503942 | K31: -692503942 | M31: 재고자산 | O31: A1203 | P31: 제품평가충당금 | Q31: =O31=C31 -> TRUE
B32: A12001 | C32: A1204 | D32: 원재료 | E32: 3077150977 | F32: 17942503420 | G32: 0 | H32: 0 | I32: 0 | J32: 17942503420 | K32: 14865352443 | M32: 재고자산 | O32: A1204 | P32: 원재료 | Q32: =O32=C32 -> TRUE
B33: A12001 | C33: A1205 | D33: 원재료평가충당금 | E33: 0 | F33: -840869466 | G33: 0 | H33: 0 | I33: 0 | J33: -840869466 | K33: -840869466 | M33: 재고자산 | O33: A1205 | P33: 원재료평가충당금 | Q33: =O33=C33 -> TRUE
B34: A12001 | C34: A1206 | D34: 부재료 | E34: 920887954 | F34: 8982567553 | G34: 0 | H34: 0 | I34: 0 | J34: 8982567553 | K34: 8061679599 | M34: 재고자산 | O34: A1206 | P34: 부재료 | Q34: =O34=C34 -> TRUE
B35: A12001 | C35: A1207 | D35: 재공품 | E35: 2682244471 | F35: 17547814739 | G35: 0 | H35: 0 | I35: 0 | J35: 17547814739 | K35: 14865570268 | M35: 재고자산 | O35: A1207 | P35: 재공품 | Q35: =O35=C35 -> TRUE
B36: A12001 | C36: A1208 | D36: 재공품평가충당금 | E36: 0 | F36: -1033566288 | G36: 0 | H36: 0 | I36: 0 | J36: -1033566288 | K36: -1033566288 | M36: 재고자산 | O36: A1208 | P36: 재공품평가충당금 | Q36: =O36=C36 -> TRUE
B37: A12001 | C37: A1209 | D37: 반제품 | E37: 0 | F37: 0 | G37: 0 | H37: 0 | I37: 0 | J37: 0 | K37: 0 | M37: 재고자산 | O37: A1209 | P37: 반제품 | Q37: =O37=C37 -> TRUE
B38: A12001 | C38: A1210 | D38: 반제품평가충당금 | E38: 0 | F38: 0 | G38: 0 | H38: 0 | I38: 0 | J38: 0 | K38: 0 | M38: 재고자산 | O38: A1210 | P38: 반제품평가충당금 | Q38: =O38=C38 -> TRUE
B39: A12001 | C39: A1211 | D39: 미착품 | E39: 6440680 | F39: 366715851 | G39: 0 | H39: 0 | I39: 0 | J39: 366715851 | K39: 360275171 | M39: 재고자산 | O39: A1211 | P39: 미착품 | Q39: =O39=C39 -> TRUE
B40: 0 | C40: BS | D40: Ⅱ.비유동자산 | E40: 106192914518 | F40: 139947405170 | J40: 280012168867 | K40: 173819254349 | O40: BS | P40: Ⅱ.비유동자산 | Q40: =O40=C40 -> TRUE
B41: A21030 | C41: A2103 | D41: 장기대여금 | E41: 0 | F41: 0 | G41: 0 | H41: 0 | I41: 0 | J41: 0 | K41: 0 | M41: 기타금융자산(비유동) | O41: A2103 | P41: 장기대여금 | Q41: =O41=C41 -> TRUE
B42: A21030 | C42: A2103-1 | D42: 현재가치할인차금-장기대여금 | E42: 0 | F42: 0 | G42: 0 | H42: 0 | I42: 0 | J42: 0 | K42: 0 | M42: 기타금융자산(비유동) | O42: A2103-1 | P42: 현재가치할인차금-장기대여금 | Q42: =O42=C42 -> TRUE
B43: A21020 | C43: A2102 | D43: 당기손익-공정가치금융자산(비유동) | E43: 1059412860 | F43: 5047622400 | G43: 0 | H43: 0 | I43: 0 | J43: 5047622400 | K43: 3988209540 | M43: 당기손익-공정가치금융자산(비유동) | O43: A2102 | P43: 당기손익-공정가치금융자산(비유동) | Q43: =O43=C43 -> TRUE
B44: A21040 | C44: A2104 | D44: 장기매도가능증권 | E44: 0 | F44: 0 | G44: 0 | H44: 0 | I44: 0 | J44: 0 | K44: 0 | M44: 매도가능금융자산 | O44: A2104 | P44: 장기매도가능증권 | Q44: =O44=C44 -> TRUE
B45: A21060 | C45: A2106 | D45: 종속기업투자 | E45: 0 | F45: 1725826013 | G45: 0 | H45: 1725826013 | I45: -1725826013 | J45: 0 | K45: 0 | M45: 종속관계기업투자 | O45: A2106 | P45: 종속기업투자 | Q45: =O45=C45 -> TRUE
B46: A21060 | C46: A2107 | D46: 관계기업투자 | E46: 81209493461 | F46: 82863041989 | G46: 142092671599 | H46: 302081889 | I46: 141790589710 | J46: 224653631699 | K46: 143444138238 | M46: 종속관계기업투자 | O46: A2107 | P46: 관계기업투자 | Q46: =O46=C46 -> TRUE
B47: A21030 | C47: A2402 | D47: 임차보증금 | E47: 0 | F47: 359044000 | G47: 0 | H47: 0 | I47: 0 | J47: 359044000 | K47: 359044000 | M47: 기타금융자산(비유동) | O47: A2402 | P47: 임차보증금 | Q47: =O47=C47 -> TRUE
B48: A21030 | C48: A2402-1 | D48: 현재가치할인차금-임차보증금 | E48: 0 | F48: 0 | G48: 0 | H48: 0 | I48: 0 | J48: 0 | K48: 0 | M48: 기타금융자산(비유동) | O48: A2402-1 | P48: 현재가치할인차금-임차보증금 | Q48: =O48=C48 -> TRUE
C49: A2402B | D49: 기타보증금 | E49: 42450000 | F49: 42450000 | G49: 0 | H49: 0 | I49: 0 | J49: 42450000 | K49: 0 | O49: A2402B | P49: 기타보증금 | Q49: =O49=C49 -> TRUE
B50: A21030 | C50: A2403 | D50: 회원권 | E50: 0 | F50: 0 | G50: 0 | H50: 0 | I50: 0 | J50: 0 | K50: 0 | M50: 기타금융자산(비유동) | O50: A2403 | P50: 회원권 | Q50: =O50=C50 -> TRUE
B51: A24060 | C51: A2406 | D51: 비유동매출채권 | E51: 0 | F51: 0 | G51: 0 | H51: 0 | I51: 0 | J51: 0 | K51: 0 | M51: 비유동매출채권 | O51: A2406 | P51: 비유동매출채권 | Q51: =O51=C51 -> TRUE
B52: A24060 | C52: A2406C | D52: 비유동매출채권/Intercompany | E52: 0 | F52: 0 | G52: 0 | H52: 0 | I52: 0 | J52: 0 | K52: 0 | M52: 비유동매출채권 | O52: A2406C | P52: 비유동매출채권/Intercompany | Q52: =O52=C52 -> TRUE
B53: A24060 | C53: A2406-1 | D53: 현재가치할인차금(비유동)-비유동외상매출금 | E53: 0 | F53: 0 | G53: 0 | H53: 0 | I53: 0 | J53: 0 | K53: 0 | M53: 비유동매출채권 | O53: A2406-1 | P53: 현재가치할인차금(비유동)-비유동외상매출금 | Q53: =O53=C53 -> TRUE
B54: A24060 | C54: A2406-2 | D54: 대손충당금-비유동매출채권 | E54: 0 | F54: 0 | G54: 0 | H54: 0 | I54: 0 | J54: 0 | K54: 0 | M54: 비유동매출채권 | O54: A2406-2 | P54: 대손충당금-비유동매출채권 | Q54: =O54=C54 -> TRUE
B55: 0 | C55: 0 | D55: (2)유형자산 | E55: 23576668792 | F55: 49659331676 | J55: 49659331676 | K55: 26082662884 | O55: 0 | P55: (2)유형자산 | Q55: =O55=C55 -> TRUE
B56: A22000 | C56: A2201 | D56: 토지 | E56: 10242504190 | F56: 14540910314 | G56: 0 | H56: 0 | I56: 0 | J56: 14540910314 | K56: 4298406124 | M56: 유형자산 | O56: A2201 | P56: 토지 | Q56: =O56=C56 -> TRUE
B57: A22000 | C57: A2202 | D57: 건물 | E57: 10031774698 | F57: 19217775430 | G57: 0 | H57: 0 | I57: 0 | J57: 19217775430 | K57: 9186000732 | M57: 유형자산 | O57: A2202 | P57: 건물 | Q57: =O57=C57 -> TRUE
B58: A22000 | C58: A2202-1 | D58: 감가상각누계액-건물 | E58: -1432627018 | F58: -1727592015 | G58: 0 | H58: 0 | I58: 0 | J58: -1727592015 | K58: -294964997 | M58: 유형자산 | O58: A2202-1 | P58: 감가상각누계액-건물 | Q58: =O58=C58 -> TRUE
B59: A22000 | C59: A2203 | D59: 구축물 | E59: 22700000 | F59: 257700000 | G59: 0 | H59: 0 | I59: 0 | J59: 257700000 | K59: 235000000 | M59: 유형자산 | O59: A2203 | P59: 구축물 | Q59: =O59=C59 -> TRUE
B60: A22000 | C60: A2203-1 | D60: 감가상각누계액-구축물 | E60: -3171875 | F60: -4353959 | G60: 0 | H60: 0 | I60: 0 | J60: -4353959 | K60: -1182084 | M60: 유형자산 | O60: A2203-1 | P60: 감가상각누계액-구축물 | Q60: =O60=C60 -> TRUE
B61: A22000 | C61: A2204 | D61: 기계장치 | E61: 6503637671 | F61: 15320979207 | G61: 0 | H61: 0 | I61: 0 | J61: 15320979207 | K61: 8817341536 | M61: 유형자산 | O61: A2204 | P61: 기계장치 | Q61: =O61=C61 -> TRUE
B62: A22000 | C62: A2204-1 | D62: 감가상각누계액-기계장치 | E62: -3140202769 | F62: -3981680038 | G62: 0 | H62: 0 | I62: 0 | J62: -3981680038 | K62: -841477269 | M62: 유형자산 | O62: A2204-1 | P62: 감가상각누계액-기계장치 | Q62: =O62=C62 -> TRUE
B63: A22000 | C63: A2204-2 | D63: 손상차손누계액-기계장치 | E63: 0 | F63: 0 | G63: 0 | H63: 0 | I63: 0 | J63: 0 | K63: 0 | M63: 유형자산 | O63: A2204-2 | P63: 손상차손누계액-기계장치 | Q63: =O63=C63 -> TRUE
B64: A22000 | C64: A2205 | D64: 차량운반구 | E64: 34420100 | F64: 125824402 | G64: 0 | H64: 0 | I64: 0 | J64: 125824402 | K64: 91404302 | M64: 유형자산 | O64: A2205 | P64: 차량운반구 | Q64: =O64=C64 -> TRUE
B65: A22000 | C65: A2205-1 | D65: 감가상각누계액-차량운반구 | E65: -28363302 | F65: -24557355 | G65: 0 | H65: 0 | I65: 0 | J65: -24557355 | K65: 3805947 | M65: 유형자산 | O65: A2205-1 | P65: 감가상각누계액-차량운반구 | Q65: =O65=C65 -> TRUE
B66: A22000 | C66: A2206 | D66: 공구와기구 | E66: 201435000 | F66: 211935000 | G66: 0 | H66: 0 | I66: 0 | J66: 211935000 | K66: 10500000 | M66: 유형자산 | O66: A2206 | P66: 공구와기구 | Q66: =O66=C66 -> TRUE
B67: A22000 | C67: A2206-1 | D67: 감가상각누계액-공구와기구 | E67: -151462155 | F67: -171495917 | G67: 0 | H67: 0 | I67: 0 | J67: -171495917 | K67: -20033762 | M67: 유형자산 | O67: A2206-1 | P67: 감가상각누계액-공구와기구 | Q67: =O67=C67 -> TRUE
... B75: A22000 | C75: A2211-1 | D75: 사용권자산-감가상각누계액 | E75: -41857019 | F75: -118025644 | G75: 0 | H75: 0 | I75: 0 | J75: -118025644 | K75: -76168625 | M75: 유형자산 | O75: A2211-1 | P75: 사용권자산-감가상각누계액 | Q75: =O75=C75 -> TRUE
B76: 0 | C76: 0 | D76: (3)무형자산 | E76: 304889405 | F76: 250089092 | J76: 250089092 | K76: -54800313 | O76: 0 | P76: (3)무형자산 | Q76: =O76=C76 -> TRUE
B77: A23000 | C77: A2301 | D77: 영업권 | E77: 0 | F77: 0 | G77: 0 | H77: 0 | I77: 0 | J77: 0 | K77: 0 | M77: 무형자산 | O77: A2301 | P77: 영업권 | Q77: =O77=C77 -> TRUE
B78: A23000 | C78: A2302 | D78: 소프트웨어 | E78: 120423562 | F78: 144014402 | G78: 0 | H78: 0 | I78: 0 | J78: 144014402 | K78: 23590840 | M78: 무형자산 | O78: A2302 | P78: 소프트웨어 | Q78: =O78=C78 -> TRUE
B79: A23000 | C79: A2302-1 | D79: 상각누계액-소프트웨어 | E79: -104068596 | F79: -111469829 | J79: -111469829 | K79: -7401233 | O79: A2302-1 | P79: 상각누계액-소프트웨어 | Q79: =O79=C79 -> TRUE
B80: A23000 | C80: A2303 | D80: 산업재산권 | E80: 455258699 | F80: 455258699 | G80: 0 | H80: 0 | I80: 0 | J80: 455258699 | K80: 0 | M80: 무형자산 | O80: A2303 | P80: 산업재산권 | Q80: =O80=C80 -> TRUE
B81: A23000 | C81: A2303-1 | D81: 상각누계액-산업재산권 | E81: -339194260 | F81: -410184180 | G81: 0 | H81: 0 | I81: 0 | J81: -410184180 | K81: -70989920 | O81: A2303-1 | P81: 상각누계액-산업재산권 | Q81: =O81=C81 -> TRUE
B82: A23000 | C82: A2304 | D82: 골프회원권 | E82: 172470000 | F82: 172470000 | G82: 0 | H82: 0 | I82: 0 | J82: 172470000 | K82: 0 | M82: 무형자산 | O82: A2304 | P82: 골프회원권 | Q82: =O82=C82 -> TRUE
B83: A23000 | C83: A2305 | D83: 토지이용권 | E83: 0 | F83: 0 | G83: 0 | H83: 0 | I83: 0 | J83: 0 | K83: 0 | M83: 무형자산 | O83: A2305 | P83: 토지이용권 | Q83: =O83=C83 -> TRUE
B84: A23000 | C84: A2306 | D84: 고객관계 | E84: 0 | F84: 0 | G84: 0 | H84: 0 | I84: 0 | J84: 0 | K84: 0 | M84: 무형자산 | O84: A2306 | P84: 고객관계 | Q84: =O84=C84 -> TRUE
B85: A24010 | C85: A2401 | D85: 이연법인세자산 | E85: 0 | F85: 0 | G85: 0 | H85: 0 | I85: 0 | J85: 0 | K85: 0 | M85: 이연법인세자산 | O85: A2401 | P85: 이연법인세자산 | Q85: =O85=C85 -> TRUE
B86: 0 | C86: BS | D86: 자산총계 | E86: 130831360570 | F86: 713556418854 | J86: 853440063781 | K86: 722608703211 | O86: BS | P86: 자산총계 | Q86: =O86=C86 -> TRUE
B87: 0 | C87: BS | D87: 부채 | F87: 0 | O87: BS | P87: 부채 | Q87: =O87=C87 -> TRUE
B88: 0 | C88: BS | D88: Ⅰ.유동부채 | E88: 16883199986 | F88: 184052799455 | J88: 183912319615 | K88: 167029119629 | O88: BS | P88: Ⅰ.유동부채 | Q88: =O88=C88 -> TRUE
B89: L10010 | C89: L1001 | D89: 외상매입금 | E89: 2315989588 | F89: 29810884706 | G89: 140479840 | H89: 0 | I89: -140479840 | J89: 29670404866 | K89: 27354415278 | M89: 매입채무 | O89: L1001 | P89: 외상매입금 | Q89: =O89=C89 -> TRUE
B90: L10010 | C90: L1001C | D90: 외상매입금/Intercompany | E90: 0 | F90: 0 | G90: 0 | H90: 0 | I90: 0 | J90: 0 | K90: 0 | M90: 매입채무 | O90: L1001C | P90: 외상매입금/Intercompany | Q90: =O90=C90 -> TRUE
B91: L10020 | C91: L1002 | D91: 미지급금 | E91: 818042447 | F91: 3067370458 | G91: 0 | H91: 0 | I91: 0 | J91: 3067370458 | K91: 2249328011 | M91: 기타금융부채(유동) | O91: L1002 | P91: 미지급금 | Q91: =O91=C91 -> TRUE
B92: L10020 | C92: L1002C | D92: 미지급금/Intercompany | E92: 0 | F92: 0 | G92: 0 | H92: 0 | I92: 0 | J92: 0 | K92: 0 | M92: 기타금융부채(유동) | O92: L1002C | P92: 미지급금/Intercompany | Q92: =O92=C92 -> TRUE
B93: L10030 | C93: L1003 | D93: 예수금 | E93: 92240620 | F93: 0 | G93: 0 | H93: 0 | I93: 0 | J93: 0 | K93: -92240620 | M93: 기타유동부채 | O93: L1003 | P93: 예수금 | Q93: =O93=C93 -> TRUE
C94: L1004 | D94: 부가세예수금 | F94: 8095212856 | G94: 0 | H94: 0 | I94: 0 | J94: 8095212856 | K94: 8095212856 | O94: L1004 | P94: 부가세예수금 | Q94: =O94=C94 -> TRUE
B95: L10020 | C95: L1005 | D95: 기타보증금(부채) | E95: 5756000 | F95: 2159272 | G95: 0 | H95: 0 | I95: 0 | J95: 2159272 | K95: -3596728 | O95: L1005 | P95: 기타보증금(부채) | Q95: =O95=C95 -> TRUE
C96: L1005B | D96: 임대보증금(부채) | F96: 420000000 | G96: 0 | H96: 0 | I96: 0 | J96: 420000000 | K96: 420000000 | O96: L1005B | P96: 임대보증금(부채) | Q96: =O96=C96 -> TRUE
B97: L10030 | C97: L1006 | D97: 선수금 | E97: 0 | F97: 0 | G97: 0 | H97: 0 | I97: 0 | J97: 0 | K97: 0 | M97: 기타유동부채 | O97: L1006 | P97: 선수금 | Q97: =O97=C97 -> TRUE
B98: L10030 | C98: L1025 | D98: 선수수익 | E98: 0 | F98: 0 | G98: 0 | H98: 0 | I98: 0 | J98: 0 | K98: 0 | O98: L1025 | P98: 선수수익 | Q98: =O98=C98 -> TRUE
B99: L10170 | C99: L1017 | D99: 계약부채 | E99: 284270337 | F99: 575376334 | G99: 0 | H99: 0 | I99: 0 | J99: 575376334 | K99: 291105997 | M99: 계약부채 | O99: L1017 | P99: 계약부채 | Q99: =O99=C99 -> TRUE
B100: L10070 | C100: L1007 | D100: 단기차입금 | E100: 12000000000 | F100: 0 | G100: 0 | H100: 0 | I100: 0 | J100: 0 | K100: -12000000000 | M100: 차입금(유동) | O100: L1007 | P100: 단기차입금 | Q100: =O100=C100 -> TRUE
B101: L10080 | C101: L1008 | D101: 미지급세금 | E101: 964956210 | F101: 139102800790 | G101: 0 | H101: 0 | I101: 0 | J101: 139102800790 | K101: 138137844580 | M101: 당기법인세부채 | O101: L1008 | P101: 미지급세금 | Q101: =O101=C101 -> TRUE
B102: L10030 | C102: L1009 | D102: 미지급비용 | E102: 177318330 | F102: 2589237419 | G102: 0 | H102: 0 | I102: 0 | J102: 2589237419 | K102: 2411919089 | M102: 기타유동부채 | O102: L1009 | P102: 미지급비용 | Q102: =O102=C102 -> TRUE
B103: L10070 | C103: L1010 | D103: 유동성장기부채 | E103: 0 | F103: 0 | G103: 0 | H103: 0 | I103: 0 | J103: 0 | K103: 0 | M103: 차입금(유동) | O103: L1010 | P103: 유동성장기부채 | Q103: =O103=C103 -> TRUE
B104: L10030 | C104: L1011 | D104: 연월차충당부채 | E104: 182945958 | F104: 251936857 | G104: 0 | H104: 0 | I104: 0 | J104: 251936857 | K104: 68990899 | M104: 기타유동부채 | O104: L1011 | P104: 연월차충당부채 | Q104: =O104=C104 -> TRUE
B105: L10220 | C105: L1022 | D105: 리스부채(유동) | E105: 43536000 | F105: 152695680 | G105: 0 | H105: 0 | I105: 0 | J105: 152695680 | K105: 109159680 | M105: 리스부채(유동) | O105: L1022 | P105: 리스부채(유동) | Q105: =O105=C105 -> TRUE
B106: L10220 | C106: L1022-1 | D106: 현재가치할인차금-리스부채(유동) | E106: -1855504 | F106: -14874917 | G106: 0 | H106: 0 | I106: 0 | J106: -14874917 | K106: -13019413 | M106: 리스부채(유동) | O106: L1022-1 | P106: 현재가치할인차금-리스부채(유동) | Q106: =O106=C106 -> TRUE
B107: L10020 | C107: L1023 | D107: 환불부채(반품관련) | E107: 0 | F107: 0 | G107: 0 | H107: 0 | I107: 0 | J107: 0 | K107: 0 | M107: 기타금융부채(유동) | O107: L1023 | P107: 환불부채(반품관련) | Q107: =O107=C107 -> TRUE
B108: 0 | C108: BS | D108: Ⅱ.비유동부채 | E108: 3385810398 | F108: 3520748500 | J108: 30997250984 | K108: 27611440586 | O108: BS | P108: Ⅱ.비유동부채 | Q108: =O108=C108 -> TRUE
B109: L20010 | C109: L2001 | D109: 사채 | E109: 0 | F109: 0 | G109: 0 | H109: 0 | I109: 0 | J109: 0 | K109: 0 | L109: 0 | M109: 0 | N109: 0 | O109: L2001 | P109: 사채 | Q109: =O109=C109 -> TRUE
B110: L20020 | C110: L2002 | D110: 장기차입금 | E110: 0 | F110: 0 | G110: 0 | H110: 0 | I110: 0 | J110: 0 | K110: 0 | M110: 차입금(비유동) | O110: L2002 | P110: 장기차입금 | Q110: =O110=C110 -> TRUE
B111: L20030 | C111: L2003 | D111: 임대보증금 | E111: 5000000 | F111: 0 | G111: 0 | H111: 0 | I111: 0 | J111: 0 | K111: -5000000 | M111: 기타금융부채(비유동) | O111: L2003 | P111: 임대보증금 | Q111: =O111=C111 -> TRUE
B112: L20040 | C112: L2004 | D112: 퇴직급여충당부채 | E112: 0 | F112: 0 | G112: 0 | H112: 0 | I112: 0 | J112: 0 | K112: 0 | M112: 순확정급여부채 | O112: L2004 | P112: 퇴직급여충당부채 | Q112: =O112=C112 -> TRUE
B113: L20030 | C113: L2006 | D113: 지급보증부채 | E113: 0 | F113: 0 | G113: 0 | H113: 0 | I113: 0 | J113: 0 | K113: 0 | M113: 기타금융부채(비유동) | O113: L2006 | P113: 지급보증부채 | Q113: =O113=C113 -> TRUE
B114: L20110 | C114: L2011 | D114: 기타장기종업원급여채무 | E114: 25303266 | F114: 31747682 | G114: 0 | H114: 0 | I114: 0 | J114: 31747682 | K114: 6444416 | M114: 장기종업원급여 | O114: L2011 | P114: 기타장기종업원급여채무 | Q114: =O114=C114 -> TRUE
...

Sheet 공시CF
K2: 010-9929-5133
C3: 과 목 | D3: 2020 4Q | E3: 2020 4Q | F3: 2020 4Q
D4: 단순합산 CF | E4: 연결조정반영 | F4: 조정후 CF
C5: Ⅰ. 영업활동으로 인한 현금흐름 | D5: =SUM(D6,D48:D51) -> 2.399263e+11 | E5: =SUM(E6,E48:E50) -> 0 | F5: =SUM(F6,F48:F51) -> 239926298207
C6: 1. 영업에서 창출된 현금 | D6: =SUM(D7:D8,D30) -> 2.4104748e+11 | E6: =SUM(E7:E8,E30) -> 0 | F6: =SUM(F7:F8,F30) -> 241047481812
C7: (1) 당기순이익 | D7: =CFwp_Aggregated!I150 -> 4.131142e+11 | E7: =-E18-E16-E33 -> 115114641677 | F7: ='C.연결조정 정산표_20'!J238 -> 528228844808 | G7: =SUM(D7:E7)-F7 -> 0.025024414
C8: (2) 수익비용의 조정 | D8: =SUM(D9:D29) -> 148403986848 | E8: =SUM(E9:E29) -> -115155280607 | F8: =SUM(F9:F29) -> 33248706241 | G8: =CFwp_Aggregated!D161-D8 -> -0.025024414
C9: 외화환산이익 | D9: =-SUMIF(CFwp_Aggregated!$H:$H,공시CF!C9,CFwp_Aggregated!I:I) -> -18175186 | F9: =SUM(D9:E9) -> -18175186 | I9: ='C.연결조정 정산표_20'!J209 -> 18175186 | J9: =SUM(F9:I9) -> 0
C10: 외화환산손실 | D10: =SUMIF(CFwp_Aggregated!$H:$H,공시CF!C10,CFwp_Aggregated!I:I) -> 3635900701 | F10: =SUM(D10:E10) -> 3635900701 | I10: ='C.연결조정 정산표_20'!J218 -> 3635900701 | J10: =SUM(F10:H10)-I10 -> 0 | K10: =I10-I9 -> 3617725515 | L10: =SUM(F9:F10) -> 3617725515 | M10: =K10-L10 -> 0
C11: 금융자산평가이익 | D11: =-ROUND(SUMIF(CFwp_Aggregated!$H:$H,공시CF!C11,CFwp_Aggregated!I:I),) -> -536952215 | F11: =SUM(D11:E11) -> -536952215 | I11: ='C.연결조정 정산표_20'!J227 -> 536952215 | J11: =SUM(F11:I11) -> 0
C12: 금융자산처분이익 | D12: =-SUMIF(CFwp_Aggregated!$H:$H,공시CF!C12,CFwp_Aggregated!I:I) -> -7424862 | F12: =SUM(D12:E12) -> -7424862 | I12: ='C.연결조정 정산표_20'!J228 -> 7424862 | J12: =SUM(F12:I12) -> 0
C13: 대손상각비 | D13: =SUMIF(CFwp_Aggregated!$H:$H,공시CF!C13,CFwp_Aggregated!I:I) -> 470162695 | F13: =SUM(D13:E13) -> 470162695 | I13: ='C.연결조정 정산표_20'!J197 -> 470162695 | J13: =SUM(F13:H13)-I13 -> 0
C14: 재고자산평가손실 | D14: =ROUND(SUMIF(CFwp_Aggregated!$H:$H,공시CF!C14,CFwp_Aggregated!I:I),) -> 2840492158 | F14: =SUM(D14:E14) -> 2840492158
C15: 이자수익(금융) | D15: =-SUMIF(CFwp_Aggregated!$H:$H,공시CF!C15,CFwp_Aggregated!I:I) -> -37557679 | F15: =SUM(D15:E15) -> -37557679 | I15: ='C.연결조정 정산표_20'!J225 -> 37557679 | J15: =SUM(F15:I15) -> 0
C16: 법인세비용 | D16: =SUMIF(CFwp_Aggregated!$H:$H,공시CF!C16,CFwp_Aggregated!I:I) -> 139553435926 | E16: ='B.연결조정분개 요약표'!F90 -> 27415427309 | F16: =SUM(D16:E16) -> 166968863235 | I16: ='C.연결조정 정산표_20'!J237 -> 166968863235 | J16: =SUM(F16:H16)-I16 -> 0
C17: 금융자산평가손실 | D17: =SUMIF(CFwp_Aggregated!$H:$H,공시CF!C17,CFwp_Aggregated!I:I) -> 0 | F17: =SUM(D17:E17) -> 0 | I17: ='C.연결조정 정산표_20'!J232 -> 0 | J17: =SUM(F17:H17)-I17 -> 0
C18: 종속기업의당기손익에대한지분 | D18: =SUMIF(CFwp_Aggregated!$H:$H,공시CF!C18,CFwp_Aggregated!I:I) -> 0 | E18: =-'B.연결조정분개 요약표'!G50-'B.연결조정분개 요약표'!G71 -> -142570707916 | F18: =SUM(D18:E18) -> -142570707916 | I18: ='C.연결조정 정산표_20'!J234 -> 142570707916 | J18: =SUM(F18:I18) -> 0
C19: 투자자산처분이익 | D19: =-SUMIF(CFwp_Aggregated!$H:$H,공시CF!C19,CFwp_Aggregated!I:I) -> 0 | F19: =SUM(D19:E19) -> 0 | I19: ='C.연결조정 정산표_20'!J211 -> 0 | J19: =SUM(F19:I19) -> 0
C20: 감가상각비 | D20: =SUMIF(CFwp_Aggregated!$H:$H,공시CF!C20,CFwp_Aggregated!I:I) -> 1808962764 | F20: =SUM(D20:E20) -> 1808962764 | I20: ='C.연결조정 정산표_20'!J180 -> 214947955 | J20: =SUM(F20:H20)-I20 -> 1594014809 | K20: / 제조원가 및 경상연구개발비 배부비용
C21: 유형자산처분이익 | D21: =-SUMIF(CFwp_Aggregated!$H:$H,공시CF!C21,CFwp_Aggregated!I:I) -> -866446 | F21: =SUM(D21:E21) -> -866446 | I21: ='C.연결조정 정산표_20'!J210 -> 866446 | J21: =SUM(F21:I21) -> 0
C22: 유형자산처분손실 | D22: =SUMIF(CFwp_Aggregated!$H:$H,공시CF!C22,CFwp_Aggregated!I:I) -> 12310639 | F22: =SUM(D22:E22) -> 12310639 | I22: ='C.연결조정 정산표_20'!J222 -> 12310639 | J22: =SUM(F22:H22)-I22 -> 0
C23: 무형자산상각비 | D23: =SUMIF(CFwp_Aggregated!$H:$H,공시CF!C23,CFwp_Aggregated!I:I) -> 78391153 | F23: =SUM(D23:E23) -> 78391153 | I23: ='C.연결조정 정산표_20'!J200 -> 78391153 | J23: =SUM(F23:H23)-I23 -> 0
C24: 이자비용(금융) | D24: =SUMIF(CFwp_Aggregated!$H:$H,공시CF!C24,CFwp_Aggregated!I:I) -> 165715444 | F24: =SUM(D24:E24) -> 165715444 | I24: ='C.연결조정 정산표_20'!J230 -> 172627980 | J24: =SUM(F24:H24)-I24 -> -6912536
C25: 이자비용(리스) | D25: =SUMIF(CFwp_Aggregated!$H:$H,공시CF!C25,CFwp_Aggregated!I:I) -> 6912536 | F25: =SUM(D25:E25) -> 6912536 | J25: =SUM(F25:H25)-I25 -> 6912536
C26: 연차충당부채전입 | D26: =SUMIF(CFwp_Aggregated!$H:$H,공시CF!C26,CFwp_Aggregated!I:I) -> 68990899 | F26: =SUM(D26:E26) -> 68990899
C27: 주식보상비용 | D27: =SUMIF(CFwp_Aggregated!$H:$H,공시CF!C27,CFwp_Aggregated!I:I) -> 348063905 | F27: =SUM(D27:E27) -> 348063905 | I27: ='C.연결조정 정산표_20'!J202 -> 348063905 | J27: =SUM(F27:H27)-I27 -> 0
C28: 장기종업원급여 | D28: =SUMIF(CFwp_Aggregated!$H:$H,공시CF!C28,CFwp_Aggregated!I:I) -> 15624416 | F28: =SUM(D28:E28) -> 15624416
D29: =SUMIF(CFwp_Aggregated!$H:$H,공시CF!C29,CFwp_Aggregated!I:I) -> 0 | F29: =SUM(D29:E29) -> 0
C30: (3) 자산부채의 변동 | D30: =SUM(D31:D47) -> -320470708167 | E30: =SUM(E31:E47) -> 40638930 | F30: =SUM(F31:F47) -> -320430069237 | G30: =D30-CFwp_Aggregated!D162 -> 0 | J30: 내부거래 상계 | L30: =SUM(L32:L36)-SUM(L37:L43) -> 280959680 | M30: =SUM(M32:M36)-SUM(M37:M43) -> 0 | N30: =SUM(N32:N36)-SUM(N37:N43) -> 280959680
A31: =CFwp_Aggregated!B16 -> A1106 | B31: =CFwp_Aggregated!B19 -> A1106-1 | C31: 매출채권 | D31: =SUMIF(CFwp_Aggregated!$B:$B,공시CF!B31,CFwp_Aggregated!$L:$L)+SUMIF(CFwp_Aggregated!$B:$B,공시CF!A31,CFwp_Aggregated!$L:$L) -> -305620951415 | E31: =L32 -> 140479840 | F31: =SUM(D31:E31) -> -305480471575 | L31: 2020 | M31: 2019
A32: =CFwp_Aggregated!B92 -> A2406 | C32: 비유동매출채권 | D32: =SUMIF(CFwp_Aggregated!$B:$B,공시CF!B32,CFwp_Aggregated!$L:$L)+SUMIF(CFwp_Aggregated!$B:$B,공시CF!A32,CFwp_Aggregated!$L:$L) -> 0 | F32: =SUM(D32:E32) -> 0 | K32: 매출채권/Intercompany | L32: ='B.연결조정분개 요약표'!G19 -> 140479840 | N32: =L32-M32 -> 140479840 | O32: 자산의 감소 -> 현금의 증가
A33: A1200 | C33: 재고자산 | D33: =SUMIF(CFwp_Aggregated!$B:$B,공시CF!B33,CFwp_Aggregated!$L:$L)+SUMIF(CFwp_Aggregated!$B:$B,공시CF!A33,CFwp_Aggregated!$L:$L) -> -48181888500 | E33: ='B.연결조정분개 요약표'!G28 -> 40638930 | F33: =SUM(D33:E33) -> -48141249570 | K33: 미수금 | N33: =L33-M33 -> 0
A34: =CFwp_Aggregated!B25 -> A1112 | C34: 미수금 | D34: =SUMIF(CFwp_Aggregated!$B:$B,공시CF!B34,CFwp_Aggregated!$L:$L)+SUMIF(CFwp_Aggregated!$B:$B,공시CF!A34,CFwp_Aggregated!$L:$L) -> 57479025 | F34: =SUM(D34:E34) -> 57479025 | K34: 비유동매출채권/Intercompany | N34: =L34-M34 -> 0
A35: =CFwp_Aggregated!B26 -> A1115 | C35: 선급금 | D35: =SUMIF(CFwp_Aggregated!$B:$B,공시CF!B35,CFwp_Aggregated!$L:$L)+SUMIF(CFwp_Aggregated!$B:$B,공시CF!A35,CFwp_Aggregated!$L:$L) -> -6233813988 | F35: =SUM(D35:E35) -> -6233813988 | K35: 미수수익 | N35: =L35-M35 -> 0
A36: =CFwp_Aggregated!B27 -> A1116 | C36: 선급비용 | D36: =SUMIF(CFwp_Aggregated!$B:$B,공시CF!B36,CFwp_Aggregated!$L:$L)+SUMIF(CFwp_Aggregated!$B:$B,공시CF!A36,CFwp_Aggregated!$L:$L) -> 6719678 | F36: =SUM(D36:E36) -> 6719678 | K36: 단기대여금 | N36: =L36-M36 -> 0
A37: A1117 | C37: 부가세대급금 | D37: =SUMIF(CFwp_Aggregated!$B:$B,공시CF!B37,CFwp_Aggregated!$L:$L)+SUMIF(CFwp_Aggregated!$B:$B,공시CF!A37,CFwp_Aggregated!$L:$L) -> 0 | F37: =SUM(D37:E37) -> 0 | K37: 매입채무/Intercompany | N37: =L37-M37 -> 0 | O37: 부채의 감소 -> 현금의 감소
A38: A1122 | C38: 계약자산 | D38: =SUMIF(CFwp_Aggregated!$B:$B,공시CF!B38,CFwp_Aggregated!$L:$L)+SUMIF(CFwp_Aggregated!$B:$B,공시CF!A38,CFwp_Aggregated!$L:$L) -> 0 | F38: =SUM(D38:E38) -> 0 | K38: 미지급금/Intercompany | L38: =-L32 -> -140479840 | N38: =L38-M38 -> -140479840
A39: =CFwp_Aggregated!B102 -> L1001 | C39: 매입채무 | D39: =SUMIF(CFwp_Aggregated!$B:$B,공시CF!B39,CFwp_Aggregated!$L:$L)+SUMIF(CFwp_Aggregated!$B:$B,공시CF!A39,CFwp_Aggregated!$L:$L) -> 27512964306 | F39: =SUM(D39:E39) -> 27512964306 | K39: 미지급비용 | N39: =L39-M39 -> 0
A40: =CFwp_Aggregated!B112 -> L1017 | C40: 계약부채 | D40: =SUMIF(CFwp_Aggregated!$B:$B,공시CF!B40,CFwp_Aggregated!$L:$L)+SUMIF(CFwp_Aggregated!$B:$B,공시CF!A40,CFwp_Aggregated!$L:$L) -> 291105997 | F40: =SUM(D40:E40) -> 291105997 | K40: 선수금/Intercompany | N40: =L40-M40 -> 0
A41: =CFwp_Aggregated!B104 -> L1002 | C41: 미지급금 | D41: =SUMIF(CFwp_Aggregated!$B:$B,공시CF!B41,CFwp_Aggregated!$L:$L)+SUMIF(CFwp_Aggregated!$B:$B,공시CF!A41,CFwp_Aggregated!$L:$L) -> 1295562133 | E41: =L38 -> -140479840 | F41: =SUM(D41:E41) -> 1155082293 | K41: 단기차입금/Intercompany | N41: =L41-M41 -> 0
A42: L1009 | C42: 미지급비용 | D42: =SUMIF(CFwp_Aggregated!$B:$B,공시CF!B42,CFwp_Aggregated!$L:$L)+SUMIF(CFwp_Aggregated!$B:$B,공시CF!A42,CFwp_Aggregated!$L:$L) -> 2411919089 | F42: =SUM(D42:E42) -> 2411919089
A43: =CFwp_Aggregated!B106 -> L1003 | C43: 예수금 | D43: =SUMIF(CFwp_Aggregated!$B:$B,공시CF!B43,CFwp_Aggregated!$L:$L)+SUMIF(CFwp_Aggregated!$B:$B,공시CF!A43,CFwp_Aggregated!$L:$L) -> -92240620 | F43: =SUM(D43:E43) -> -92240620 | K43: 장기차입금 | N43: =L43-M43 -> 0
A44: L1004 | C44: 부가세예수금 | D44: =SUMIF(CFwp_Aggregated!$B:$B,공시CF!B44,CFwp_Aggregated!$L:$L)+SUMIF(CFwp_Aggregated!$B:$B,공시CF!A44,CFwp_Aggregated!$L:$L) -> 8095212856 | F44: =SUM(D44:E44) -> 8095212856
A45: L1005 | C45: 기타보증금(부채) | D45: =SUMIF(CFwp_Aggregated!$B:$B,공시CF!B45,CFwp_Aggregated!$L:$L)+SUMIF(CFwp_Aggregated!$B:$B,공시CF!A45,CFwp_Aggregated!$L:$L) -> -3596728 | F45: =SUM(D45:E45) -> -3596728
A46: =CFwp_Aggregated!B110 -> L1006 | C46: 선수금 | D46: =SUMIF(CFwp_Aggregated!$B:$B,공시CF!B46,CFwp_Aggregated!$L:$L)+SUMIF(CFwp_Aggregated!$B:$B,공시CF!A46,CFwp_Aggregated!$L:$L) -> 0 | F46: =SUM(D46:E46) -> 0
A47: L2011 | C47: 선수수익 | D47: =SUMIF(CFwp_Aggregated!$B:$B,공시CF!B47,CFwp_Aggregated!$L:$L)+SUMIF(CFwp_Aggregated!$B:$B,공시CF!A47,CFwp_Aggregated!$L:$L) -> -9180000 | F47: =SUM(D47:E47) -> -9180000
C48: 2. 이자의 수취 | D48: =CFwp_Aggregated!D163 -> 37557679 | F48: =SUM(D48:E48) -> 37557679 | K48: 이자수익
C49: 3. 이자의 지급 | D49: =CFwp_Aggregated!D164 -> -165715444 | F49: =SUM(D49:E49) -> -165715444 | K49: 이자비용
C50: 4. 법인세의 납부 | D50: =CFwp_Aggregated!D166 -> -993025840 | F50: =SUM(D50:E50) -> -993025840 | K50: 관계기업의당기손익에대한지분
C51: 5. 배당금의 수취 | F51: =SUM(D51:E51) -> 0 | K51: 매입채무/Intercompany
C52: Ⅱ. 투자활동으로 인한 현금흐름 | D52: =D53+D70 -> -111939191138 | E52: =E53+E70 -> 546100000 | F52: =F53+F70 -> -111393091138 | G52: =CFwp_Aggregated!D168=D52 -> TRUE | K52: 매출채권/Intercompany
C53: 1. 투자활동으로 인한 현금유입액 | D53: =SUM(D54:D60,D66,D68:D69) -> 8185502867 | E53: =SUM(E54:E60,E66,E68:E69) -> 0 | F53: =SUM(F54:F60,F66,F68:F69) -> 8185502867 | G53: =CFwp_Aggregated!D169-D53 -> 0
A54: =CFwp_Aggregated!B14 -> A1105 | C54: 당기손익공정가치금융자산의 감소 | D54: =SUMIF(CFwp_Aggregated!$B:$B,A54,CFwp_Aggregated!$O:$O) -> 8107424862 | F54: =SUM(D54:E54) -> 8107424862
A55: =CFwp_Aggregated!B22 -> A1109 | C55: 단기대여금의 감소 | D55: =SUMIF(CFwp_Aggregated!$B:$B,A55,CFwp_Aggregated!$O:$O) -> 0 | F55: =SUM(D55:E55) -> 0
A56: A1104 | C56: 단기금융상품의 감소 | D56: =SUMIF(CFwp_Aggregated!$B:$B,A56,CFwp_Aggregated!$O:$O) -> 0 | F56: =SUM(D56:E56) -> 0
C57: 종속기업투자주식의 처분 | D57: =SUMIF(CFwp_Aggregated!$B:$B,A57,CFwp_Aggregated!$O:$O) -> 0 | F57: =SUM(D57:E57) -> 0
C58: 장기대여금의 감소 | D58: =SUMIF(CFwp_Aggregated!$B:$B,A58,CFwp_Aggregated!$O:$O) -> 0 | F58: =SUM(D58:E58) -> 0
A59: =CFwp_Aggregated!B96 -> A2402 | C59: 임차보증금의 감소 | D59: =SUMIF(CFwp_Aggregated!$B:$B,A59,CFwp_Aggregated!$O:$O) -> 0 | F59: =SUM(D59:E59) -> 0
C60: 유형자산의 처분 | D60: =SUM(D61:D65) -> 78078005 | E60: =SUM(E61:E65) -> 0 | F60: =SUM(F61:F65) -> 78078005
A61: =CFwp_Aggregated!B61 -> A2202 | C61: 건물의 처분 | D61: =SUMIF(CFwp_Aggregated!$B:$B,A61,CFwp_Aggregated!$O:$O) -> 0 | F61: =SUM(D61:E61) -> 0
A62: =CFwp_Aggregated!B65 -> A2204 | C62: 기계장치의 처분 | D62: =SUMIF(CFwp_Aggregated!$B:$B,A62,CFwp_Aggregated!$O:$O) -> 77350732 | F62: =SUM(D62:E62) -> 77350732
C63: 구축물의 처분 | F63: =SUM(D63:E63) -> 0
C64: 비품의 처분 | F64: =SUM(D64:E64) -> 0
A65: A2205 | C65: 차량운반구의 처분 | D65: =SUMIF(CFwp_Aggregated!$B:$B,A65,CFwp_Aggregated!$O:$O) -> 727273 | F65: =SUM(D65:E65) -> 727273
C66: 무형자산의 처분 | D66: =SUM(D67) -> 0 | E66: =SUM(E67) -> 0 | F66: =SUM(F67) -> 0
C67: 기타의무형자산의 처분 | F67: =SUM(D67:E67) -> 0
A68: =CFwp_Aggregated!B10 -> A1101 | B68: =CFwp_Aggregated!B11 -> A1102 | C68: 연결범위변동으로 인한 현금유입 | D68: =SUMIF(CFwp_Aggregated!$B:$B,B68,CFwp_Aggregated!$W:$W)+SUMIF(CFwp_Aggregated!$B:$B,A68,CFwp_Aggregated!$W:$W) -> 0 | F68: =SUM(D68:E68) -> 0
F69: =SUM(D69:E69) -> 0
C70: 2. 투자활동으로 인한 현금유출액 | D70: =-SUM(D71:D77,D87,D91,D90) -> -120124694005 | E70: =-SUM(E71:E77,E87,E91) -> 546100000 | F70: =-SUM(F71:F77,F87,F91,F90) -> -119578594005 | G70: =CFwp_Aggregated!D170+D70 -> 0
A71: =CFwp_Aggregated!B14 -> A1105 | C71: 당기손익-공정가치금융자산(유동)의 증가 | D71: =SUMIF(CFwp_Aggregated!$B:$B,A71,CFwp_Aggregated!$P:$P) -> 47600000000 | F71: =SUM(D71:E71) -> 47600000000
A72: A1104 | C72: 금융상품의 증가 | D72: =SUMIF(CFwp_Aggregated!$B:$B,A72,CFwp_Aggregated!$P:$P) -> 40000000000 | F72: =SUM(D72:E72) -> 40000000000
A73: =CFwp_Aggregated!B50 -> A2103 | C73: 장기대여금의 증가 | D73: =SUMIF(CFwp_Aggregated!$B:$B,A73,CFwp_Aggregated!$P:$P) -> 0 | F73: =SUM(D73:E73) -> 0
A74: A2102 | C74: 당기손익-공정가치금융자산(비유동)의 증가 | D74: =SUMIF(CFwp_Aggregated!$B:$B,A74,CFwp_Aggregated!$P:$P) -> 3480408000 | F74: =SUM(D74:E74) -> 3480408000
A75: =CFwp_Aggregated!B55 -> A2106 | C75: 종속기업투자주식의 증가 | D75: =SUMIF(CFwp_Aggregated!$B:$B,A75,CFwp_Aggregated!$P:$P) -> 546100000 | E75: =E95 -> -546100000 | F75: =SUM(D75:E75) -> 0 | I75: 19년 지분투자
A76: =CFwp_Aggregated!B57 -> A2107 | C76: 관계기업투자 | D76: =SUMIF(CFwp_Aggregated!$B:$B,A76,CFwp_Aggregated!$P:$P) -> 1417279276 | E76: =-K79 -> 0 | F76: =SUM(D76:E76) -> 1417279276 | I76: 미국법인 | K76: ='B.연결조정분개 요약표'!G11 -> 546100000
C77: 유형자산의 취득 | D77: =SUM(D78:D86) -> 26698271889 | E77: =SUM(E78:E86) -> 0 | F77: =SUM(F78:F86) -> 26698271889
A78: =CFwp_Aggregated!B60 -> A2201 | C78: 토지의 취득 | D78: =SUMIF(CFwp_Aggregated!$B:$B,A78,CFwp_Aggregated!$P:$P) -> 4298406124 | F78: =SUM(D78:E78) -> 4298406124 | K78: =SUM(K76:K77) -> 546100000
A79: =CFwp_Aggregated!B61 -> A2202 | C79: 건물의 취득 | D79: =SUMIF(CFwp_Aggregated!$B:$B,A79,CFwp_Aggregated!$P:$P) -> 9181000732 | F79: =SUM(D79:E79) -> 9181000732
A80: A2203 | C80: 구축물 | D80: =SUMIF(CFwp_Aggregated!$B:$B,A80,CFwp_Aggregated!$P:$P) -> 235000000 | F80: =SUM(D80:E80) -> 235000000
A81: =CFwp_Aggregated!B65 -> A2204 | C81: 기계장치의 취득 | D81: =SUMIF(CFwp_Aggregated!$B:$B,A81,CFwp_Aggregated!$P:$P) -> 8369023683 | F81: =SUM(D81:E81) -> 8369023683
A82: A2205 | C82: 차량운반구의 취득 | D82: =SUMIF(CFwp_Aggregated!$B:$B,A82,CFwp_Aggregated!$P:$P) -> 102869302 | F82: =SUM(D82:E82) -> 102869302
A83: =CFwp_Aggregated!B71 -> A2206 | C83: 공구와기구의 취득 | D83: =SUMIF(CFwp_Aggregated!$B:$B,A83,CFwp_Aggregated!$P:$P) -> 5250000 | F83: =SUM(D83:E83) -> 5250000
A84: =CFwp_Aggregated!B77 -> A2209 | C84: 시설장치의 취득 | D84: =SUMIF(CFwp_Aggregated!$B:$B,A84,CFwp_Aggregated!$P:$P) -> 351423000 | F84: =SUM(D84:E84) -> 351423000
A85: =CFwp_Aggregated!B74 -> A2207 | C85: 비품의 취득 | D85: =SUMIF(CFwp_Aggregated!$B:$B,A85,CFwp_Aggregated!$P:$P) -> 550839970 | F85: =SUM(D85:E85) -> 550839970
A86: =CFwp_Aggregated!B76 -> A2208 | C86: 건설중인자산의 취득 | D86: =SUMIF(CFwp_Aggregated!$B:$B,A86,CFwp_Aggregated!$P:$P) -> 3604459078 | F86: =SUM(D86:E86) -> 3604459078
C87: 무형자산의 취득 | D87: =SUM(D88:D89) -> 23590840 | E87: =SUM(E88:E89) -> 0 | F87: =SUM(F88:F89) -> 23590840
A88: =CFwp_Aggregated!B84 -> A2302 | C88: 소프트웨어의 취득 | D88: =SUMIF(CFwp_Aggregated!$B:$B,A88,CFwp_Aggregated!$P:$P) -> 23590840 | F88: =SUM(D88:E88) -> 23590840
C89: 기타의무형자산의 취득 | F89: =SUM(D89:E89) -> 0
A90: =CFwp_Aggregated!B96 -> A2402 | C90: 임차보증금의 증가 | D90: =SUMIF(CFwp_Aggregated!$B:$B,A90,CFwp_Aggregated!$P:$P) -> 359044000 | F90: =SUM(D90:E90) -> 359044000
C91: 연결범위변동으로 인한 현금유출 | D91: =CFwp_Aggregated!X4+SUM(CFwp_Aggregated!X10:X11) -> 0 | F91: =SUM(D91:E91) -> 0
C92: Ⅲ. 재무활동으로 인한 현금흐름 | D92: =D93+D97 -> -11118727840 | E92: =E93+E97 -> -546100000 | F92: =F93+F97 -> -11664827840 | G92: =CFwp_Aggregated!D172=D92 -> TRUE
C93: 1. 재무활동으로 인한 현금유입액 | D93: =SUM(D94:D96) -> 966100000 | E93: =SUM(E94:E96) -> -546100000 | F93: =SUM(F94:F96) -> 420000000 | G93: =CFwp_Aggregated!D173-D93 -> 0
A94: =CFwp_Aggregated!B113 -> L1007 | C94: 단기차입금의 차입 | D94: =SUMIF(CFwp_Aggregated!$B:$B,A94,CFwp_Aggregated!$Q:$Q) -> 0 | F94: =SUM(D94:E94) -> 0 | I94: 19년 유상증자
A95: =CFwp_Aggregated!B134 -> S1001 | B95: =CFwp_Aggregated!B137 -> S2001 | C95: 유상증자 | D95: =SUMIF(CFwp_Aggregated!$B:$B,B95,CFwp_Aggregated!$Q:$Q)+SUMIF(CFwp_Aggregated!$B:$B,A95,CFwp_Aggregated!$Q:$Q) -> 546100000 | E95: =-K96 -> -546100000 | F95: =SUM(D95:E95) -> 0 | I95: 본사 | K95: =CFwp_Korea!Q134+CFwp_Korea!Q137 -> 0
A96: L1005B | C96: 임대보증금의 증가 | D96: =SUMIF(CFwp_Aggregated!$B:$B,B96,CFwp_Aggregated!$Q:$Q)+SUMIF(CFwp_Aggregated!$B:$B,A96,CFwp_Aggregated!$Q:$Q) -> 420000000 | F96: =SUM(D96:E96) -> 420000000 | I96: Diff(미국법인 증자) | K96: =D95-K95 -> 546100000
C97: 2. 재무활동으로 인한 현금유출액 | D97: =-SUM(D98:D103) -> -12084827840 | E97: =-SUM(E98:E103) -> 0 | F97: =-SUM(F98:F103) -> -12084827840 | G97: =CFwp_Aggregated!D174+D97 -> 0 | I97: 지분투자액(미국법인) | K97: =-K78 -> -546100000
A98: L1007 | C98: 단기차입금의 상환 | D98: =SUMIF(CFwp_Aggregated!$B:$B,B98,CFwp_Aggregated!$R:$R)+SUMIF(CFwp_Aggregated!$B:$B,A98,CFwp_Aggregated!$R:$R) -> 12000000000 | F98: =SUM(D98:E98) -> 12000000000 | K98: =K96=-K97 -> TRUE
C99: 유동성장기부채의 상환 | D99: =SUMIF(CFwp_Aggregated!$B:$B,B99,CFwp_Aggregated!$R:$R)+SUMIF(CFwp_Aggregated!$B:$B,A99,CFwp_Aggregated!$R:$R) -> 0 | F99: =SUM(D99:E99) -> 0
A100: =CFwp_Aggregated!B118 -> L1022 | B100: L2016 | C100: 리스부채의 상환 | D100: =SUMIF(CFwp_Aggregated!$B:$B,B100,CFwp_Aggregated!$R:$R)+SUMIF(CFwp_Aggregated!$B:$B,A100,CFwp_Aggregated!$R:$R) -> 79827840 | F100: =SUM(D100:E100) -> 79827840
C101: 장기차입금의 상환 | D101: =SUMIF(CFwp_Aggregated!$B:$B,B101,CFwp_Aggregated!$R:$R)+SUMIF(CFwp_Aggregated!$B:$B,A101,CFwp_Aggregated!$R:$R) -> 0 | F101: =SUM(D101:E101) -> 0
...

Sheet B.연결조정분개 요약표
D1: IFRS Consol ADJ Entry | G1: 0
F2: 1179726013 | G2: 1179726013
C3: CoA | D3: 차변계정 | E3: 대변계정 | F3: 차변금액 | G3: 대변금액 | H3: Description | I3: 계정 | J3: Entity | L3: 내역
B4: 1. 투자주식 상계
C5: 1) 지분법 하의 종속회사 자본금과 본사 종속회사 투자주식간의 상계 | L5: 1. 투자주식 상계
C6: BN USA | J6: BN USA | L6: 1. 투자주식 상계
C7: S1001 | D7: 보통주자본금 | F7: 5898630 | H7: 불입자본과 투자주식 상계 | I7: 보통주자본금 | J7: BN USA | L7: 1. 투자주식 상계
C8: S2001 | D8: 주식발행초과금 | F8: 1173827383 | H8: (2019년 중 지배력 획득일) | I8: 주식발행초과금 | J8: BN USA | L8: 1. 투자주식 상계
C9: A2106 | E9: 종속기업투자 | G9: 1179726013 | I9: 종속기업투자 | J9: BN USA | L9: 1. 투자주식 상계
C10: S2001 | D10: 주식발행초과금 | F10: 546100000 | H10: 불입자본과 투자주식 상계 | I10: 주식발행초과금
C11: A2106 | E11: 종속기업투자 | G11: 546100000 | H11: (2020추가취득) | I11: 종속기업투자
I13: 1179726013 | J13: 1179726013 | L13: 0
B16: 3. 내부거래 상계 | L16: 3. 내부거래 상계
C17: 1) 채권채무 상계 | J17: 1) 채권채무 상계 | L17: 3. 내부거래 상계
C18: L1001 | D18: 외상매입금 | F18: 140479840 | J18: 1) 채권채무 상계 | L18: 3. 내부거래 상계
C19: A1106 | E19: 외상매출금 | G19: 140479840 | J19: 1) 채권채무 상계 | L19: 3. 내부거래 상계
C21: 2) 수익비용 상계 | J21: 2) 수익비용 상계 | L21: 0
C22: P1101 | D22: 상품매출 | F22: 327302099 | J22: 2) 수익비용 상계 | L22: 0
C23: E1001 | E23: 상품매출원가 | G23: 327302099 | J23: 2) 수익비용 상계 | L23: 0
B25: 4. 재고자산 미실현손익 제거 | L25: 4. 재고자산 미실현손익 제거
L26: 4. 재고자산 미실현손익 제거
C27: P1101 | D27: 상품매출 | F27: 40638930 | L27: 4. 재고자산 미실현손익 제거
C28: A1201 | E28: 상품 | G28: 40638930 | L28: 4. 재고자산 미실현손익 제거
L29: 4. 재고자산 미실현손익 제거
L30: 4. 재고자산 미실현손익 제거
L31: 4. 재고자산 미실현손익 제거
B33: 5. 지분법 회계처리 | L33: 5. 지분법 회계처리
C34: 1) SDB korea 2019년 11월 7일 취득(2019년 9월말 취득 간주 3Q후 3개월 변동) 지분법 평가 | L34: 5. 지분법 회계처리
C35: =IFERROR(IFERROR(INDEX([196]CoA!$B:$B,MATCH('[196]B.연결조정분개 요약표'!D33,[196]CoA!C:C,0)),INDEX([196]CoA!$B:$B,MATCH('[196]B.연결조정분개 요약표'!E33,[196]CoA!C:C,0))),"") | L35: 5. 지분법 회계처리
C36: =IFERROR(IFERROR(INDEX([196]CoA!$B:$B,MATCH('[196]B.연결조정분개 요약표'!D34,[196]CoA!C:C,0)),INDEX([196]CoA!$B:$B,MATCH('[196]B.연결조정분개 요약표'!E34,[196]CoA!C:C,0))),"") | L36: 5. 지분법 회계처리
C37: A2107 | D37: 관계기업투자 | F37: -158512516 | L37: 5. 지분법 회계처리
C38: S4004 | E38: 미처분이익잉여금 | G38: -158512516 | L38: 5. 지분법 회계처리
L39: 5. 지분법 회계처리
L40: 5. 지분법 회계처리
C41: S4002 | D41: 관계기업의이익잉여금에대한지분(AOCI) | F41: 209382 | L41: 5. 지분법 회계처리
C42: S5001 | D42: 관계기업의기타포괄손익에대한지분(AOCI) | F42: 24667298 | L42: 5. 지분법 회계처리
C43: S5001 | D43: 관계기업의기타포괄손익에대한지분(AOCI) | F43: 8072230 | L43: 5. 지분법 회계처리
L44: 5. 지분법 회계처리
C45: A2107 | E45: 관계기업투자 | G45: 209382 | L45: 5. 지분법 회계처리
C46: A2107 | E46: 관계기업투자 | G46: 24667298 | L46: 5. 지분법 회계처리
C47: A2107 | E47: 관계기업투자 | G47: 8072230 | L47: 5. 지분법 회계처리
L48: 5. 지분법 회계처리
C49: A2107 | D49: 관계기업투자 | F49: 142445935200 | L49: 5. 지분법 회계처리
C50: P4001 | E50: 종속기업의당기손익에대한지분(P&L) | G50: 142445935200 | L50: 5. 지분법 회계처리
L51: 5. 지분법 회계처리
L52: 5. 지분법 회계처리
C53: O1006 | D53: 종속관계기업의이익이여금에대한지분(OCI) | F53: 3869106 | L53: 5. 지분법 회계처리
C54: O1002 | D54: 종속관계기업의기타포괄손익에대한지분(OCI) | F54: -533640104 | L54: 5. 지분법 회계처리
C55: O1002 | D55: 종속관계기업의기타포괄손익에대한지분(OCI) | F55: 798903977 | L55: 5. 지분법 회계처리
L56: 5. 지분법 회계처리
C57: A2107 | E57: 관계기업투자 | G57: 3869106 | L57: 5. 지분법 회계처리
C58: A2107 | E58: 관계기업투자 | G58: -533640104 | L58: 5. 지분법 회계처리
C59: A2107 | E59: 관계기업투자 | G59: 798903977 | L59: 5. 지분법 회계처리
L60: 5. 지분법 회계처리
L61: 5. 지분법 회계처리
L62: 5. 지분법 회계처리
L63: 5. 지분법 회계처리
C64: 2) 인니법인 지분법 평가 | L64: 5. 지분법 회계처리
C65: A2107 | D65: 관계기업투자 | F65: -22081943 | L65: 5. 지분법 회계처리
C66: S4004 | E66: 미처분이익잉여금 | G66: -22081943 | L66: 5. 지분법 회계처리
C67: A2107 | D67: 관계기업투자 | F67: -22725883 | L67: 5. 지분법 회계처리
C68: S5001 | E68: 관계기업의기타포괄손익에대한지분(AOCI) | G68: -22725883 | L68: 5. 지분법 회계처리
L69: 5. 지분법 회계처리
C70: A2107 | D70: 관계기업투자 | F70: 124772716 | L70: 5. 지분법 회계처리
C71: P4001 | E71: 종속기업의당기손익에대한지분(P&L) | G71: 124772716 | L71: 5. 지분법 회계처리
C72: A2107 | D72: 관계기업투자 | F72: -274715975 | L72: 5. 지분법 회계처리
C73: O1002 | E73: 종속관계기업의기타포괄손익에대한지분(OCI) | G73: -274715975 | L73: 5. 지분법 회계처리
B76: 6. 연결 이연법인세 | L76: 6. 연결 이연법인세
L77: 6. 연결 이연법인세
C78: 1) 연결이연법인세 : 미실현손익에 대한 이연법인세는 우선적으로 인식함. 종속기업 지분해당액과 세무상기준액과의 차이는 발생 원천을 구별하여 이연법인세자산/부채를 인식함. | L78: 6. 연결 이연법인세
L79: 6. 연결 이연법인세
D80: 미국법인 이연법인세 자산 인식 X(설립 초기로 이연법인세 자산성 없음) | L80: 6. 연결 이연법인세
L81: 6. 연결 이연법인세
C82: S4004 | D82: 미처분이익잉여금 | F82: -21660869 | L82: 6. 연결 이연법인세
C83: L2018 | E83: 이연법인세부채 | G83: -21660869 | L83: 6. 연결 이연법인세
C85: S4002 | E85: 관계기업의이익잉여금에대한지분(AOCI) | G85: -32245 | L85: 6. 연결 이연법인세
C86: S5001 | E86: 관계기업의기타포괄손익에대한지분(AOCI) | G86: -7202696 | L86: 6. 연결 이연법인세
L87: 6. 연결 이연법인세
C88: L2018 | D88: 이연법인세부채 | F88: -7234941 | L88: 6. 연결 이연법인세
L89: 6. 연결 이연법인세
C90: E5001 | D90: 법인세비용 | F90: 27415427309
C91: L2018 | E91: 이연법인세부채 | G91: 27415427309
C93: O1006 | E93: 종속관계기업의이익이여금에대한지분(OCI)
C94: O1002 | E94: 종속관계기업의기타포괄손익에대한지분(OCI) | G94: -752864
C95: O1006 | E95: 종속관계기업의이익이여금에대한지분(OCI) | G95: -74748239
C96: L2018 | D96: 이연법인세부채 | F96: -75501103
L104: 6. 연결 이연법인세
B106: 7. 기타 조정분개 | L106: 7. 기타 조정분개
L107: 7. 기타 조정분개
L108: 7. 기타 조정분개
J109: 0 | L109: 7. 기타 조정분개
J110: 0 | L110: 7. 기타 조정분개
J111: 0 | L111: 7. 기타 조정분개
J112: 0 | L112: 7. 기타 조정분개
J113: 0 | L113: 7. 기타 조정분개
J114: 0 | L114: 7. 기타 조정분개
J115: 0 | L115: 7. 기타 조정분개

Sheet CFwp_Aggregated
C1: ='A-1. 별도FS_20'!D1 -> 연결 v6.0
D2: CF Worksheet - Aggregated
C4: =[197]정산표!C5 -> Balance Verification | D4: =D100-D153 -> 0 | E4: =E100-E153 -> 544000000 | F4: 검증 | G4: =SUM(G8:G153) -> 0 | T4: 대차검증 | V4: =T154-V154 -> 0 | X4: =SUM(W10:W153)-SUM(X10:X153) -> 0 | Z4: =SUM(Y10:Y153)-SUM(Z10:Z153) -> -20300003
B5: Account Code | C5: Account | D5: 43830 | E5: 44196 | F5: 증감 | G5: 검증 | J5: 영업활동으로 인한 현금흐름 | O5: 투자활동 | Q5: 재무활동 | S5: 대체 | W5: Merger with | Y5: 외화환산
D6: K-IFRS | E6: K-IFRS | H6: Description | I6: Amount | J6: 유출없는비용 | K6: 유입없는수익 | L6: 간접법 | M6: 직접법 | N6: 자산증감 (현금유출입) | O6: 현금유입 | P6: 현금유출 | Q6: 현금유입 | R6: 현금유출 | S6: Description #No | T6: 차변금액 | U6: Description #No | V6: 대변금액 | W6: 차변금액 | X6: 대변금액 | Y6: 차변 | Z6: 대변
C7: 자산
C8: 유동자산 | D8: =D9+D34 -> 24638446052 | E8: =E9+E34 -> 574153013684
C9: 당좌자산 | D9: =SUM(D10:D33) -> 16881583202 | E9: =SUM(E10:E33) -> 521058894587
B10: A1101 | C10: 현금시재 | D10: =CFwp_Korea!D10+CFwp_US_KRW!D10 -> 1058619929 | E10: =CFwp_Korea!E10+CFwp_US_KRW!E10 -> 9847943 | H10: 외화환산이익 | I10: =CFwp_Korea!I10+CFwp_US_KRW!I10 -> 0 | J10: =CFwp_Korea!J10+CFwp_US_KRW!J10 -> 384991529 | K10: =CFwp_Korea!K10+CFwp_US_KRW!K10 -> 0 | L10: =CFwp_Korea!L10+CFwp_US_KRW!L10 -> 0 | M10: =CFwp_Korea!M10+CFwp_US_KRW!M10 -> 0 | N10: =CFwp_Korea!N10+CFwp_US_KRW!N10 -> 0 | O10: =CFwp_Korea!O10+CFwp_US_KRW!O10 -> 0 | P10: =CFwp_Korea!P10+CFwp_US_KRW!P10 -> 0 | ... Z10: =CFwp_Korea!Z10+CFwp_US_KRW!Z10 -> 0
B11: A1102 | C11: 보통예금 | D11: =CFwp_Korea!D11+CFwp_US_KRW!D11 -> 5517522912 | E11: =CFwp_Korea!E11+CFwp_US_KRW!E11 -> 123627275922 | H11: 외화환산손실 | I11: =CFwp_Korea!I11+CFwp_US_KRW!I11 -> 384991529 | J11: =CFwp_Korea!J11+CFwp_US_KRW!J11 -> 0 | K11: =CFwp_Korea!K11+CFwp_US_KRW!K11 -> 0 | L11: =CFwp_Korea!L11+CFwp_US_KRW!L11 -> 0 | M11: =CFwp_Korea!M11+CFwp_US_KRW!M11 -> 0 | N11: =CFwp_Korea!N11+CFwp_US_KRW!N11 -> 0 | O11: =CFwp_Korea!O11+CFwp_US_KRW!O11 -> 0 | P11: =CFwp_Korea!P11+CFwp_US_KRW!P11 -> 0 | ... Z11: =CFwp_Korea!Z11+CFwp_US_KRW!Z11 -> 0
B12: A1103 | C12: 국고보조금-현금및현금성자산 | D12: =CFwp_Korea!D12+CFwp_US_KRW!D12 -> 0 | E12: =CFwp_Korea!E12+CFwp_US_KRW!E12 -> -13293321 | I12: =CFwp_Korea!I12+CFwp_US_KRW!I12 -> 0 | J12: =CFwp_Korea!J12+CFwp_US_KRW!J12 -> 0 | K12: =CFwp_Korea!K12+CFwp_US_KRW!K12 -> 0 | L12: =CFwp_Korea!L12+CFwp_US_KRW!L12 -> 0 | M12: =CFwp_Korea!M12+CFwp_US_KRW!M12 -> 0 | N12: =CFwp_Korea!N12+CFwp_US_KRW!N12 -> 0 | O12: =CFwp_Korea!O12+CFwp_US_KRW!O12 -> 0 | P12: =CFwp_Korea!P12+CFwp_US_KRW!P12 -> 0 | ... Z12: =CFwp_Korea!Z12+CFwp_US_KRW!Z12 -> 0
B13: A1104 | C13: 정기예.적금 | D13: =CFwp_Korea!D13+CFwp_US_KRW!D13 -> 0 | E13: =CFwp_Korea!E13+CFwp_US_KRW!E13 -> 40000000000 | F13: =E13-D13 -> 40000000000 | G13: =J13-K13+N13+O13-P13+Q13-R13-T13+V13+F13-W13+X13-Y13+Z13 -> 0 | I13: =CFwp_Korea!I13+CFwp_US_KRW!I13 -> 0 | J13: =CFwp_Korea!J13+CFwp_US_KRW!J13 -> 0 | K13: =CFwp_Korea!K13+CFwp_US_KRW!K13 -> 0 | L13: =CFwp_Korea!L13+CFwp_US_KRW!L13 -> 0 | M13: =CFwp_Korea!M13+CFwp_US_KRW!M13 -> 0 | N13: =CFwp_Korea!N13+CFwp_US_KRW!N13 -> 0 | O13: =CFwp_Korea!O13+CFwp_US_KRW!O13 -> 0 | P13: =CFwp_Korea!P13+CFwp_US_KRW!P13 -> 40000000000 | ... Z13: =CFwp_Korea!Z13+CFwp_US_KRW!Z13 -> 0
B14: A1105 | C14: 당기손익-공정가치금융자산(유동) | D14: =CFwp_Korea!D14+CFwp_US_KRW!D14 -> 1001420524 | E14: =CFwp_Korea!E14+CFwp_US_KRW!E14 -> 40530571199 | F14: =E14-D14 -> 39529150675 | G14: =J14-K14+N14+O14-P14+Q14-R14-T14+V14+F14-W14+X14-Y14+Z14 -> 0 | H14: 금융자산평가이익 | I14: =CFwp_Korea!I14+CFwp_US_KRW!I14 -> 29150675 | J14: =CFwp_Korea!J14+CFwp_US_KRW!J14 -> 0 | K14: =CFwp_Korea!K14+CFwp_US_KRW!K14 -> 36575537 | L14: =CFwp_Korea!L14+CFwp_US_KRW!L14 -> 0 | M14: =CFwp_Korea!M14+CFwp_US_KRW!M14 -> 0 | N14: =CFwp_Korea!N14+CFwp_US_KRW!N14 -> 0 | O14: =CFwp_Korea!O14+CFwp_US_KRW!O14 -> 8107424862 | P14: =CFwp_Korea!P14+CFwp_US_KRW!P14 -> 47600000000 | ... Z14: =CFwp_Korea!Z14+CFwp_US_KRW!Z14 -> 0
H15: 금융자산처분이익 | I15: =CFwp_Korea!I15+CFwp_US_KRW!I15 -> 7424862 | J15: =CFwp_Korea!J15+CFwp_US_KRW!J15 -> 0 | K15: =CFwp_Korea!K15+CFwp_US_KRW!K15 -> 0 | L15: =CFwp_Korea!L15+CFwp_US_KRW!L15 -> 0 | M15: =CFwp_Korea!M15+CFwp_US_KRW!M15 -> 0 | N15: =CFwp_Korea!N15+CFwp_US_KRW!N15 -> 0 | O15: =CFwp_Korea!O15+CFwp_US_KRW!O15 -> 0 | P15: =CFwp_Korea!P15+CFwp_US_KRW!P15 -> 0 | ... Z15: =CFwp_Korea!Z15+CFwp_US_KRW!Z15 -> 0
B16: A1106 | C16: 외상매출금 | D16: =CFwp_Korea!D16+CFwp_US_KRW!D16 -> 9358066120 | E16: =CFwp_Korea!E16+CFwp_US_KRW!E16 -> 311336848615 | F16: =E16-D16 -> 301978782495 | G16: =J16-K16+N16+O16-P16+Q16-R16-T16+V16+F16-W16+X16-Y16+Z16 -> 0 | H16: 외화환산이익 | I16: =CFwp_Korea!I16+CFwp_US_KRW!I16 -> 0 | J16: =CFwp_Korea!J16+CFwp_US_KRW!J16 -> 3249273607 | K16: =CFwp_Korea!K16+CFwp_US_KRW!K16 -> 0 | L16: =CFwp_Korea!L16+CFwp_US_KRW!L16 -> -305620951415 | M16: =CFwp_Korea!M16+CFwp_US_KRW!M16 -> 0 | N16: =CFwp_Korea!N16+CFwp_US_KRW!N16 -> -305620951415 | O16: =CFwp_Korea!O16+CFwp_US_KRW!O16 -> 0 | P16: =CFwp_Korea!P16+CFwp_US_KRW!P16 -> 0 | ... Z16: =CFwp_Korea!Z16+CFwp_US_KRW!Z16 -> 8485086
D17: =CFwp_Korea!D17+CFwp_US_KRW!D17 -> 0 | E17: =CFwp_Korea!E17+CFwp_US_KRW!E17 -> 0 | G17: =J17-K17+N17+O17-P17+Q17-R17-T17+V17+F17-W17+X17-Y17+Z17 -> 0 | H17: 외화환산손실 | I17: =CFwp_Korea!I17+CFwp_US_KRW!I17 -> 3249273607 | J17: =CFwp_Korea!J17+CFwp_US_KRW!J17 -> 0 | K17: =CFwp_Korea!K17+CFwp_US_KRW!K17 -> 0 | L17: =CFwp_Korea!L17+CFwp_US_KRW!L17 -> 0 | M17: =CFwp_Korea!M17+CFwp_US_KRW!M17 -> 0 | N17: =CFwp_Korea!N17+CFwp_US_KRW!N17 -> 0 | O17: =CFwp_Korea!O17+CFwp_US_KRW!O17 -> 0 | P17: =CFwp_Korea!P17+CFwp_US_KRW!P17 -> 0 | ... Z17: =CFwp_Korea!Z17+CFwp_US_KRW!Z17 -> 0
B18: A1106C | C18: 외상매출금/Intercompany | D18: =CFwp_Korea!D18+CFwp_US_KRW!D18 -> 0 | E18: =CFwp_Korea!E18+CFwp_US_KRW!E18 -> 0 | F18: =E18-D18 -> 0 | G18: =J18-K18+N18+O18-P18+Q18-R18-T18+V18+F18-W18+X18-Y18+Z18 -> 0 | H18: 대손상각비 | I18: =CFwp_Korea!I18+CFwp_US_KRW!I18 -> 0 | J18: =CFwp_Korea!J18+CFwp_US_KRW!J18 -> 0 | K18: =CFwp_Korea!K18+CFwp_US_KRW!K18 -> 0 | L18: =CFwp_Korea!L18+CFwp_US_KRW!L18 -> 0 | M18: =CFwp_Korea!M18+CFwp_US_KRW!M18 -> 0 | N18: =CFwp_Korea!N18+CFwp_US_KRW!N18 -> 0 | O18: =CFwp_Korea!O18+CFwp_US_KRW!O18 -> 0 | P18: =CFwp_Korea!P18+CFwp_US_KRW!P18 -> 0 | ... Z18: =CFwp_Korea!Z18+CFwp_US_KRW!Z18 -> 0
B19: A1106-1 | C19: 현재가치할인차금(유동)-외상매출금 | D19: =CFwp_Korea!D19+CFwp_US_KRW!D19 -> 0 | E19: =CFwp_Korea!E19+CFwp_US_KRW!E19 -> 0 | F19: =E19-D19 -> 0 | G19: =J19-K19+N19+O19-P19+Q19-R19-T19+V19+F19-W19+X19-Y19+Z19 -> 0 | H19: 이자수익(금융) | I19: =CFwp_Korea!I19+CFwp_US_KRW!I19 -> 0 | J19: =CFwp_Korea!J19+CFwp_US_KRW!J19 -> 0 | K19: =CFwp_Korea!K19+CFwp_US_KRW!K19 -> 0 | L19: =CFwp_Korea!L19+CFwp_US_KRW!L19 -> 0 | M19: =CFwp_Korea!M19+CFwp_US_KRW!M19 -> 0 | N19: =CFwp_Korea!N19+CFwp_US_KRW!N19 -> 0 | O19: =CFwp_Korea!O19+CFwp_US_KRW!O19 -> 0 | P19: =CFwp_Korea!P19+CFwp_US_KRW!P19 -> 0 | ... Z19: =CFwp_Korea!Z19+CFwp_US_KRW!Z19 -> 0
B20: A1107 | C20: 대손충당금-외상매출금 | D20: =CFwp_Korea!D20+CFwp_US_KRW!D20 -> -533323483 | E20: =CFwp_Korea!E20+CFwp_US_KRW!E20 -> -619075951 | F20: =E20-D20 -> -85752468 | G20: =J20-K20+N20+O20-P20+Q20-R20-T20+V20+F20-W20+X20-Y20+Z20 -> 0 | H20: 대손상각비 | I20: =CFwp_Korea!I20+CFwp_US_KRW!I20 -> 470162695 | J20: =CFwp_Korea!J20+CFwp_US_KRW!J20 -> 470162695 | K20: =CFwp_Korea!K20+CFwp_US_KRW!K20 -> 0 | L20: =CFwp_Korea!L20+CFwp_US_KRW!L20 -> 0 | M20: =CFwp_Korea!M20+CFwp_US_KRW!M20 -> 0 | N20: =CFwp_Korea!N20+CFwp_US_KRW!N20 -> 0 | O20: =CFwp_Korea!O20+CFwp_US_KRW!O20 -> 0 | P20: =CFwp_Korea!P20+CFwp_US_KRW!P20 -> 0 | ... Z20: =CFwp_Korea!Z20+CFwp_US_KRW!Z20 -> 0
B21: A1107C | C21: 대손충당금-외상매출금/Intercompany | D21: =CFwp_Korea!D21+CFwp_US_KRW!D21 -> 0 | E21: =CFwp_Korea!E21+CFwp_US_KRW!E21 -> 0 | F21: =E21-D21 -> 0 | G21: =J21-K21+N21+O21-P21+Q21-R21-T21+V21+F21-W21+X21-Y21+Z21 -> 0 | I21: =CFwp_Korea!I21+CFwp_US_KRW!I21 -> 0 | J21: =CFwp_Korea!J21+CFwp_US_KRW!J21 -> 0 | K21: =CFwp_Korea!K21+CFwp_US_KRW!K21 -> 0 | L21: =CFwp_Korea!L21+CFwp_US_KRW!L21 -> 0 | M21: =CFwp_Korea!M21+CFwp_US_KRW!M21 -> 0 | N21: =CFwp_Korea!N21+CFwp_US_KRW!N21 -> 0 | O21: =CFwp_Korea!O21+CFwp_US_KRW!O21 -> 0 | P21: =CFwp_Korea!P21+CFwp_US_KRW!P21 -> 0 | ... Z21: =CFwp_Korea!Z21+CFwp_US_KRW!Z21 -> 0
B22: A1109 | C22: 단기대여금 | D22: =CFwp_Korea!D22+CFwp_US_KRW!D22 -> 0 | E22: =CFwp_Korea!E22+CFwp_US_KRW!E22 -> 0 | F22: =E22-D22 -> 0 | G22: =J22-K22+N22+O22-P22+Q22-R22-T22+V22+F22-W22+X22-Y22+Z22 -> 0 | I22: =CFwp_Korea!I22+CFwp_US_KRW!I22 -> 0 | J22: =CFwp_Korea!J22+CFwp_US_KRW!J22 -> 0 | K22: =CFwp_Korea!K22+CFwp_US_KRW!K22 -> 0 | L22: =CFwp_Korea!L22+CFwp_US_KRW!L22 -> 0 | M22: =CFwp_Korea!M22+CFwp_US_KRW!M22 -> 0 | N22: =CFwp_Korea!N22+CFwp_US_KRW!N22 -> 0 | O22: =CFwp_Korea!O22+CFwp_US_KRW!O22 -> 0 | P22: =CFwp_Korea!P22+CFwp_US_KRW!P22 -> 0 | ... Z22: =CFwp_Korea!Z22+CFwp_US_KRW!Z22 -> 0
B23: A1109-1 | C23: 현재가치할인차금-단기대여금 | D23: =CFwp_Korea!D23+CFwp_US_KRW!D23 -> 0 | E23: =CFwp_Korea!E23+CFwp_US_KRW!E23 -> 0 | F23: =E23-D23 -> 0 | G23: =J23-K23+N23+O23-P23+Q23-R23-T23+V23+F23-W23+X23-Y23+Z23 -> 0 | H23: 이자수익(금융) | I23: =CFwp_Korea!I23+CFwp_US_KRW!I23 -> 0 | J23: =CFwp_Korea!J23+CFwp_US_KRW!J23 -> 0 | K23: =CFwp_Korea!K23+CFwp_US_KRW!K23 -> 0 | L23: =CFwp_Korea!L23+CFwp_US_KRW!L23 -> 0 | M23: =CFwp_Korea!M23+CFwp_US_KRW!M23 -> 0 | N23: =CFwp_Korea!N23+CFwp_US_KRW!N23 -> 0 | O23: =CFwp_Korea!O23+CFwp_US_KRW!O23 -> 0 | P23: =CFwp_Korea!P23+CFwp_US_KRW!P23 -> 0 | ... Z23: =CFwp_Korea!Z23+CFwp_US_KRW!Z23 -> 0
B24: A1111 | C24: 미수수익 | D24: =CFwp_Korea!D24+CFwp_US_KRW!D24 -> 0 | E24: =CFwp_Korea!E24+CFwp_US_KRW!E24 -> 0 | F24: =E24-D24 -> 0 | G24: =J24-K24+N24+O24-P24+Q24-R24-T24+V24+F24-W24+X24-Y24+Z24 -> 0 | H24: 이자수익(금융) | I24: =CFwp_Korea!I24+CFwp_US_KRW!I24 -> 37557679 | J24: =CFwp_Korea!J24+CFwp_US_KRW!J24 -> 0 | K24: =CFwp_Korea!K24+CFwp_US_KRW!K24 -> 37557679 | L24: =CFwp_Korea!L24+CFwp_US_KRW!L24 -> 0 | M24: =CFwp_Korea!M24+CFwp_US_KRW!M24 -> 37557679 | N24: =CFwp_Korea!N24+CFwp_US_KRW!N24 -> 37557679 | O24: =CFwp_Korea!O24+CFwp_US_KRW!O24 -> 0 | P24: =CFwp_Korea!P24+CFwp_US_KRW!P24 -> 0 | ... Z24: =CFwp_Korea!Z24+CFwp_US_KRW!Z24 -> 0
B25: A1112 | C25: 미수금 | D25: =CFwp_Korea!D25+CFwp_US_KRW!D25 -> 145946788 | E25: =CFwp_Korea!E25+CFwp_US_KRW!E25 -> 86832198 | F25: =E25-D25 -> -59114590 | G25: =J25-K25+N25+O25-P25+Q25-R25-T25+V25+F25-W25+X25-Y25+Z25 -> 0 | H25: 외화환산손실 | I25: =CFwp_Korea!I25+CFwp_US_KRW!I25 -> 1635565 | J25: =CFwp_Korea!J25+CFwp_US_KRW!J25 -> 1635565 | K25: =CFwp_Korea!K25+CFwp_US_KRW!K25 -> 0 | L25: =CFwp_Korea!L25+CFwp_US_KRW!L25 -> 57479025 | M25: =CFwp_Korea!M25+CFwp_US_KRW!M25 -> 0 | N25: =CFwp_Korea!N25+CFwp_US_KRW!N25 -> 57479025 | O25: =CFwp_Korea!O25+CFwp_US_KRW!O25 -> 0 | P25: =CFwp_Korea!P25+CFwp_US_KRW!P25 -> 0 | ... Z25: =CFwp_Korea!Z25+CFwp_US_KRW!Z25 -> 0
B26: A1115 | C26: 선급금 | D26: =CFwp_Korea!D26+CFwp_US_KRW!D26 -> 306501376 | E26: =CFwp_Korea!E26+CFwp_US_KRW!E26 -> 6079778624 | F26: =E26-D26 -> 5773277248 | G26: =J26-K26+N26+O26-P26+Q26-R26-T26+V26+F26-W26+X26-Y26+Z26 -> 0 | H26: 법인세비용 | I26: =CFwp_Korea!I26+CFwp_US_KRW!I26 -> 460536740 | J26: =CFwp_Korea!J26+CFwp_US_KRW!J26 -> 460536740 | K26: =CFwp_Korea!K26+CFwp_US_KRW!K26 -> 0 | L26: =CFwp_Korea!L26+CFwp_US_KRW!L26 -> -6233813988 | M26: =CFwp_Korea!M26+CFwp_US_KRW!M26 -> 0 | N26: =CFwp_Korea!N26+CFwp_US_KRW!N26 -> -6233813988 | O26: =CFwp_Korea!O26+CFwp_US_KRW!O26 -> 0 | P26: =CFwp_Korea!P26+CFwp_US_KRW!P26 -> 0 | ... Z26: =CFwp_Korea!Z26+CFwp_US_KRW!Z26 -> 0
B27: A1116 | C27: 선급비용 | D27: =CFwp_Korea!D27+CFwp_US_KRW!D27 -> 26829036 | E27: =CFwp_Korea!E27+CFwp_US_KRW!E27 -> 20109358 | F27: =E27-D27 -> -6719678 | G27: =J27-K27+N27+O27-P27+Q27-R27-T27+V27+F27-W27+X27-Y27+Z27 -> 0 | I27: =CFwp_Korea!I27+CFwp_US_KRW!I27 -> 0 | J27: =CFwp_Korea!J27+CFwp_US_KRW!J27 -> 0 | K27: =CFwp_Korea!K27+CFwp_US_KRW!K27 -> 0 | L27: =CFwp_Korea!L27+CFwp_US_KRW!L27 -> 6719678 | M27: =CFwp_Korea!M27+CFwp_US_KRW!M27 -> 0 | N27: =CFwp_Korea!N27+CFwp_US_KRW!N27 -> 6719678 | O27: =CFwp_Korea!O27+CFwp_US_KRW!O27 -> 0 | P27: =CFwp_Korea!P27+CFwp_US_KRW!P27 -> 0 | ... Z27: =CFwp_Korea!Z27+CFwp_US_KRW!Z27 -> 0
B28: A1117 | C28: 부가세대급금 | D28: =CFwp_Korea!D28+CFwp_US_KRW!D28 -> 0 | E28: =CFwp_Korea!E28+CFwp_US_KRW!E28 -> 0 | F28: =E28-D28 -> 0 | G28: =J28-K28+N28+O28-P28+Q28-R28-T28+V28+F28-W28+X28-Y28+Z28 -> 0 | I28: =CFwp_Korea!I28+CFwp_US_KRW!I28 -> 0 | J28: =CFwp_Korea!J28+CFwp_US_KRW!J28 -> 0 | K28: =CFwp_Korea!K28+CFwp_US_KRW!K28 -> 0 | L28: =CFwp_Korea!L28+CFwp_US_KRW!L28 -> 0 | M28: =CFwp_Korea!M28+CFwp_US_KRW!M28 -> 0 | N28: =CFwp_Korea!N28+CFwp_US_KRW!N28 -> 0 | O28: =CFwp_Korea!O28+CFwp_US_KRW!O28 -> 0 | P28: =CFwp_Korea!P28+CFwp_US_KRW!P28 -> 0 | ... Z28: =CFwp_Korea!Z28+CFwp_US_KRW!Z28 -> 0
B29: A1119 | C29: 당기법인세자산 | D29: =CFwp_Korea!D29+CFwp_US_KRW!D29 -> 0 | E29: =CFwp_Korea!E29+CFwp_US_KRW!E29 -> 0 | F29: =E29-D29 -> 0 | G29: =J29-K29+N29+O29-P29+Q29-R29-T29+V29+F29-W29+X29-Y29+Z29 -> 0 | I29: =CFwp_Korea!I29+CFwp_US_KRW!I29 -> 0 | J29: =CFwp_Korea!J29+CFwp_US_KRW!J29 -> 0 | K29: =CFwp_Korea!K29+CFwp_US_KRW!K29 -> 0 | L29: =CFwp_Korea!L29+CFwp_US_KRW!L29 -> 0 | M29: =CFwp_Korea!M29+CFwp_US_KRW!M29 -> 0 | N29: =CFwp_Korea!N29+CFwp_US_KRW!N29 -> 0 | O29: =CFwp_Korea!O29+CFwp_US_KRW!O29 -> 0 | P29: =CFwp_Korea!P29+CFwp_US_KRW!P29 -> 0 | ... Z29: =CFwp_Korea!Z29+CFwp_US_KRW!Z29 -> 0
B30: A1118 | C30: 유동성이연법인세자산 | D30: =CFwp_Korea!D30+CFwp_US_KRW!D30 -> 0 | E30: =CFwp_Korea!E30+CFwp_US_KRW!E30 -> 0 | F30: =E30-D30 -> 0 | G30: =J30-K30+N30+O30-P30+Q30-R30-T30+V30+F30-W30+X30-Y30+Z30 -> 0 | I30: =CFwp_Korea!I30+CFwp_US_KRW!I30 -> 0 | J30: =CFwp_Korea!J30+CFwp_US_KRW!J30 -> 0 | K30: =CFwp_Korea!K30+CFwp_US_KRW!K30 -> 0 | L30: =CFwp_Korea!L30+CFwp_US_KRW!L30 -> 0 | M30: =CFwp_Korea!M30+CFwp_US_KRW!M30 -> 0 | N30: =CFwp_Korea!N30+CFwp_US_KRW!N30 -> 0 | O30: =CFwp_Korea!O30+CFwp_US_KRW!O30 -> 0 | P30: =CFwp_Korea!P30+CFwp_US_KRW!P30 -> 0 | ... Z30: =CFwp_Korea!Z30+CFwp_US_KRW!Z30 -> 0
B31: A1121 | C31: 반환재고회수권(계약자산) | D31: =CFwp_Korea!D31+CFwp_US_KRW!D31 -> 0 | E31: =CFwp_Korea!E31+CFwp_US_KRW!E31 -> 0 | F31: =E31-D31 -> 0 | G31: =J31-K31+N31+O31-P31+Q31-R31-T31+V31+F31-W31+X31-Y31+Z31 -> 0 | I31: =CFwp_Korea!I31+CFwp_US_KRW!I31 -> 0 | J31: =CFwp_Korea!J31+CFwp_US_KRW!J31 -> 0 | K31: =CFwp_Korea!K31+CFwp_US_KRW!K31 -> 0 | L31: =CFwp_Korea!L31+CFwp_US_KRW!L31 -> 0 | M31: =CFwp_Korea!M31+CFwp_US_KRW!M31 -> 0 | N31: =CFwp_Korea!N31+CFwp_US_KRW!N31 -> 0 | O31: =CFwp_Korea!O31+CFwp_US_KRW!O31 -> 0 | P31: =CFwp_Korea!P31+CFwp_US_KRW!P31 -> 0 | ... Z31: =CFwp_Korea!Z31+CFwp_US_KRW!Z31 -> 0
B32: A1122 | C32: 계약자산 | D32: =CFwp_Korea!D32+CFwp_US_KRW!D32 -> 0 | E32: =CFwp_Korea!E32+CFwp_US_KRW!E32 -> 0 | F32: =E32-D32 -> 0 | G32: =J32-K32+N32+O32-P32+Q32-R32-T32+V32+F32-W32+X32-Y32+Z32 -> 0 | I32: =CFwp_Korea!I32+CFwp_US_KRW!I32 -> 0 | J32: =CFwp_Korea!J32+CFwp_US_KRW!J32 -> 0 | K32: =CFwp_Korea!K32+CFwp_US_KRW!K32 -> 0 | L32: =CFwp_Korea!L32+CFwp_US_KRW!L32 -> 0 | M32: =CFwp_Korea!M32+CFwp_US_KRW!M32 -> 0 | N32: =CFwp_Korea!N32+CFwp_US_KRW!N32 -> 0 | O32: =CFwp_Korea!O32+CFwp_US_KRW!O32 -> 0 | P32: =CFwp_Korea!P32+CFwp_US_KRW!P32 -> 0 | ... Z32: =CFwp_Korea!Z32+CFwp_US_KRW!Z32 -> 0
F33: =E33-D33 -> 0 | G33: =J33-K33+N33+O33-P33+Q33-R33-T33+V33+F33-W33+X33-Y33+Z33 -> 0 | I33: =CFwp_Korea!I33+CFwp_US_KRW!I33 -> 0 | J33: =CFwp_Korea!J33+CFwp_US_KRW!J33 -> 0 | K33: =CFwp_Korea!K33+CFwp_US_KRW!K33 -> 0 | L33: =CFwp_Korea!L33+CFwp_US_KRW!L33 -> 0 | M33: =CFwp_Korea!M33+CFwp_US_KRW!M33 -> 0 | N33: =CFwp_Korea!N33+CFwp_US_KRW!N33 -> 0 | O33: =CFwp_Korea!O33+CFwp_US_KRW!O33 -> 0 | P33: =CFwp_Korea!P33+CFwp_US_KRW!P33 -> 0 | ... Z33: =CFwp_Korea!Z33+CFwp_US_KRW!Z33 -> 0
B34: A1200 | C34: 재고자산 | D34: =SUM(D35:D47) -> 7756862850 | E34: =SUM(E35:E47) -> 53094119097 | F34: =E34-D34 -> 45337256247 | G34: =J34-K34+N34+O34-P34+Q34-R34-T34+V34+F34-W34+X34-Y34+Z34 -> 0 | H34: 재고자산평가손실 | I34: =CFwp_Korea!I34+CFwp_US_KRW!I34 -> 2840492158 | J34: =CFwp_Korea!J34+CFwp_US_KRW!J34 -> 2840492158 | K34: =CFwp_Korea!K34+CFwp_US_KRW!K34 -> 0 | L34: =CFwp_Korea!L34+CFwp_US_KRW!L34 -> -48181888500 | M34: =CFwp_Korea!M34+CFwp_US_KRW!M34 -> 0 | N34: =CFwp_Korea!N34+CFwp_US_KRW!N34 -> -48181888500 | O34: =CFwp_Korea!O34+CFwp_US_KRW!O34 -> 0 | P34: =CFwp_Korea!P34+CFwp_US_KRW!P34 -> 0 | ... Z34: =CFwp_Korea!Z34+CFwp_US_KRW!Z34 -> 4140095
B35: A1201 | C35: 상품 | D35: =CFwp_Korea!D35+CFwp_US_KRW!D35 -> 545308589 | E35: =CFwp_Korea!E35+CFwp_US_KRW!E35 -> 1072162530 | I35: =CFwp_Korea!I35+CFwp_US_KRW!I35 -> 0 | J35: =CFwp_Korea!J35+CFwp_US_KRW!J35 -> 0 | K35: =CFwp_Korea!K35+CFwp_US_KRW!K35 -> 0 | L35: =CFwp_Korea!L35+CFwp_US_KRW!L35 -> 0 | M35: =CFwp_Korea!M35+CFwp_US_KRW!M35 -> 0 | N35: =CFwp_Korea!N35+CFwp_US_KRW!N35 -> 0 | O35: =CFwp_Korea!O35+CFwp_US_KRW!O35 -> 0 | P35: =CFwp_Korea!P35+CFwp_US_KRW!P35 -> 0 | ... Z35: =CFwp_Korea!Z35+CFwp_US_KRW!Z35 -> 0
B36: A1202 | C36: 제품 | D36: =CFwp_Korea!D36+CFwp_US_KRW!D36 -> 524830179 | E36: =CFwp_Korea!E36+CFwp_US_KRW!E36 -> 9749294700 | I36: =CFwp_Korea!I36+CFwp_US_KRW!I36 -> 0 | J36: =CFwp_Korea!J36+CFwp_US_KRW!J36 -> 0 | K36: =CFwp_Korea!K36+CFwp_US_KRW!K36 -> 0 | L36: =CFwp_Korea!L36+CFwp_US_KRW!L36 -> 0 | M36: =CFwp_Korea!M36+CFwp_US_KRW!M36 -> 0 | N36: =CFwp_Korea!N36+CFwp_US_KRW!N36 -> 0 | O36: =CFwp_Korea!O36+CFwp_US_KRW!O36 -> 0 | P36: =CFwp_Korea!P36+CFwp_US_KRW!P36 -> 0 | ... Z36: =CFwp_Korea!Z36+CFwp_US_KRW!Z36 -> 0
B37: A1203 | C37: 제품평가충당금 | D37: =CFwp_Korea!D37+CFwp_US_KRW!D37 -> 0 | E37: =CFwp_Korea!E37+CFwp_US_KRW!E37 -> -692503942 | I37: =CFwp_Korea!I37+CFwp_US_KRW!I37 -> 0 | J37: =CFwp_Korea!J37+CFwp_US_KRW!J37 -> 0 | K37: =CFwp_Korea!K37+CFwp_US_KRW!K37 -> 0 | L37: =CFwp_Korea!L37+CFwp_US_KRW!L37 -> 0 | M37: =CFwp_Korea!M37+CFwp_US_KRW!M37 -> 0 | N37: =CFwp_Korea!N37+CFwp_US_KRW!N37 -> 0 | O37: =CFwp_Korea!O37+CFwp_US_KRW!O37 -> 0 | P37: =CFwp_Korea!P37+CFwp_US_KRW!P37 -> 0 | ... Z37: =CFwp_Korea!Z37+CFwp_US_KRW!Z37 -> 0
B38: A1204 | C38: 원재료 | D38: =CFwp_Korea!D38+CFwp_US_KRW!D38 -> 3077150977 | E38: =CFwp_Korea!E38+CFwp_US_KRW!E38 -> 17942503420 | I38: =CFwp_Korea!I38+CFwp_US_KRW!I38 -> 0 | J38: =CFwp_Korea!J38+CFwp_US_KRW!J38 -> 0 | K38: =CFwp_Korea!K38+CFwp_US_KRW!K38 -> 0 | L38: =CFwp_Korea!L38+CFwp_US_KRW!L38 -> 0 | M38: =CFwp_Korea!M38+CFwp_US_KRW!M38 -> 0 | N38: =CFwp_Korea!N38+CFwp_US_KRW!N38 -> 0 | O38: =CFwp_Korea!O38+CFwp_US_KRW!O38 -> 0 | P38: =CFwp_Korea!P38+CFwp_US_KRW!P38 -> 0 | ... Z38: =CFwp_Korea!Z38+CFwp_US_KRW!Z38 -> 0
B39: A1205 | C39: 원재료평가충당금 | D39: =CFwp_Korea!D39+CFwp_US_KRW!D39 -> 0 | E39: =CFwp_Korea!E39+CFwp_US_KRW!E39 -> -840869466 | I39: =CFwp_Korea!I39+CFwp_US_KRW!I39 -> 0 | J39: =CFwp_Korea!J39+CFwp_US_KRW!J39 -> 0 | K39: =CFwp_Korea!K39+CFwp_US_KRW!K39 -> 0 | L39: =CFwp_Korea!L39+CFwp_US_KRW!L39 -> 0 | M39: =CFwp_Korea!M39+CFwp_US_KRW!M39 -> 0 | N39: =CFwp_Korea!N39+CFwp_US_KRW!N39 -> 0 | O39: =CFwp_Korea!O39+CFwp_US_KRW!O39 -> 0 | P39: =CFwp_Korea!P39+CFwp_US_KRW!P39 -> 0 | ... Z39: =CFwp_Korea!Z39+CFwp_US_KRW!Z39 -> 0
B40: A1206 | C40: 부재료 | D40: =CFwp_Korea!D40+CFwp_US_KRW!D40 -> 920887954 | E40: =CFwp_Korea!E40+CFwp_US_KRW!E40 -> 8982567553 | I40: =CFwp_Korea!I40+CFwp_US_KRW!I40 -> 0 | J40: =CFwp_Korea!J40+CFwp_US_KRW!J40 -> 0 | K40: =CFwp_Korea!K40+CFwp_US_KRW!K40 -> 0 | L40: =CFwp_Korea!L40+CFwp_US_KRW!L40 -> 0 | M40: =CFwp_Korea!M40+CFwp_US_KRW!M40 -> 0 | N40: =CFwp_Korea!N40+CFwp_US_KRW!N40 -> 0 | O40: =CFwp_Korea!O40+CFwp_US_KRW!O40 -> 0 | P40: =CFwp_Korea!P40+CFwp_US_KRW!P40 -> 0 | ... Z40: =CFwp_Korea!Z40+CFwp_US_KRW!Z40 -> 0
B41: A1207 | C41: 재공품 | D41: =CFwp_Korea!D41+CFwp_US_KRW!D41 -> 2682244471 | E41: =CFwp_Korea!E41+CFwp_US_KRW!E41 -> 17547814739 | I41: =CFwp_Korea!I41+CFwp_US_KRW!I41 -> 0 | J41: =CFwp_Korea!J41+CFwp_US_KRW!J41 -> 0 | K41: =CFwp_Korea!K41+CFwp_US_KRW!K41 -> 0 | L41: =CFwp_Korea!L41+CFwp_US_KRW!L41 -> 0 | M41: =CFwp_Korea!M41+CFwp_US_KRW!M41 -> 0 | N41: =CFwp_Korea!N41+CFwp_US_KRW!N41 -> 0 | O41: =CFwp_Korea!O41+CFwp_US_KRW!O41 -> 0 | P41: =CFwp_Korea!P41+CFwp_US_KRW!P41 -> 0 | ... Z41: =CFwp_Korea!Z41+CFwp_US_KRW!Z41 -> 0
B42: A1208 | C42: 재공품평가충당금 | D42: =CFwp_Korea!D42+CFwp_US_KRW!D42 -> 0 | E42: =CFwp_Korea!E42+CFwp_US_KRW!E42 -> -1033566288 | I42: =CFwp_Korea!I42+CFwp_US_KRW!I42 -> 0 | J42: =CFwp_Korea!J42+CFwp_US_KRW!J42 -> 0 | K42: =CFwp_Korea!K42+CFwp_US_KRW!K42 -> 0 | L42: =CFwp_Korea!L42+CFwp_US_KRW!L42 -> 0 | M42: =CFwp_Korea!M42+CFwp_US_KRW!M42 -> 0 | N42: =CFwp_Korea!N42+CFwp_US_KRW!N42 -> 0 | O42: =CFwp_Korea!O42+CFwp_US_KRW!O42 -> 0 | P42: =CFwp_Korea!P42+CFwp_US_KRW!P42 -> 0 | ... Z42: =CFwp_Korea!Z42+CFwp_US_KRW!Z42 -> 0
B43: A1209 | C43: 반제품 | D43: =CFwp_Korea!D43+CFwp_US_KRW!D43 -> 0 | E43: =CFwp_Korea!E43+CFwp_US_KRW!E43 -> 0 | I43: =CFwp_Korea!I43+CFwp_US_KRW!I43 -> 0 | J43: =CFwp_Korea!J43+CFwp_US_KRW!J43 -> 0 | K43: =CFwp_Korea!K43+CFwp_US_KRW!K43 -> 0 | L43: =CFwp_Korea!L43+CFwp_US_KRW!L43 -> 0 | M43: =CFwp_Korea!M43+CFwp_US_KRW!M43 -> 0 | N43: =CFwp_Korea!N43+CFwp_US_KRW!N43 -> 0 | O43: =CFwp_Korea!O43+CFwp_US_KRW!O43 -> 0 | P43: =CFwp_Korea!P43+CFwp_US_KRW!P43 -> 0 | ... Z43: =CFwp_Korea!Z43+CFwp_US_KRW!Z43 -> 0
B44: A1210 | C44: 반제품평가충당금 | D44: =CFwp_Korea!D44+CFwp_US_KRW!D44 -> 0 | E44: =CFwp_Korea!E44+CFwp_US_KRW!E44 -> 0 | I44: =CFwp_Korea!I44+CFwp_US_KRW!I44 -> 0 | J44: =CFwp_Korea!J44+CFwp_US_KRW!J44 -> 0 | K44: =CFwp_Korea!K44+CFwp_US_KRW!K44 -> 0 | L44: =CFwp_Korea!L44+CFwp_US_KRW!L44 -> 0 | M44: =CFwp_Korea!M44+CFwp_US_KRW!M44 -> 0 | N44: =CFwp_Korea!N44+CFwp_US_KRW!N44 -> 0 | O44: =CFwp_Korea!O44+CFwp_US_KRW!O44 -> 0 | P44: =CFwp_Korea!P44+CFwp_US_KRW!P44 -> 0 | ... Z44: =CFwp_Korea!Z44+CFwp_US_KRW!Z44 -> 0
B45: A1211 | C45: 미착품 | D45: =CFwp_Korea!D45+CFwp_US_KRW!D45 -> 6440680 | E45: =CFwp_Korea!E45+CFwp_US_KRW!E45 -> 366715851 | I45: =CFwp_Korea!I45+CFwp_US_KRW!I45 -> 0 | J45: =CFwp_Korea!J45+CFwp_US_KRW!J45 -> 0 | K45: =CFwp_Korea!K45+CFwp_US_KRW!K45 -> 0 | L45: =CFwp_Korea!L45+CFwp_US_KRW!L45 -> 0 | M45: =CFwp_Korea!M45+CFwp_US_KRW!M45 -> 0 | N45: =CFwp_Korea!N45+CFwp_US_KRW!N45 -> 0 | O45: =CFwp_Korea!O45+CFwp_US_KRW!O45 -> 0 | P45: =CFwp_Korea!P45+CFwp_US_KRW!P45 -> 0 | ... Z45: =CFwp_Korea!Z45+CFwp_US_KRW!Z45 -> 0
C48: 비유동자산 | D48: =D49+D59+D82+D90 -> 107608909783 | E48: =E49+E59+E82+E90 -> 1.3994741e+11 | Y48: 0 | Z48: 0
C49: 투자자산 | D49: =SUM(D50:D57) -> 83684901586 | E49: =SUM(E50:E57) -> 8.963649e+10 | Y49: 0 | Z49: 0
B50: A2103 | C50: 장기대여금 | D50: =CFwp_Korea!D50+CFwp_US_KRW!D50 -> 0 | E50: =CFwp_Korea!E50+CFwp_US_KRW!E50 -> 0 | F50: =E50-D50 -> 0 | G50: =J50-K50+N50+O50-P50+Q50-R50-T50+V50+F50-W50+X50-Y50+Z50 -> 0 | I50: =CFwp_Korea!I50+CFwp_US_KRW!I50 -> 0 | J50: =CFwp_Korea!J50+CFwp_US_KRW!J50 -> 0 | K50: =CFwp_Korea!K50+CFwp_US_KRW!K50 -> 0 | L50: =CFwp_Korea!L50+CFwp_US_KRW!L50 -> 0 | M50: =CFwp_Korea!M50+CFwp_US_KRW!M50 -> 0 | N50: =CFwp_Korea!N50+CFwp_US_KRW!N50 -> 0 | O50: =CFwp_Korea!O50+CFwp_US_KRW!O50 -> 0 | P50: =CFwp_Korea!P50+CFwp_US_KRW!P50 -> 0 | ... Z50: =CFwp_Korea!Z50+CFwp_US_KRW!Z50 -> 0
B51: A2103-1 | C51: 현재가치할인차금-장기대여금 | D51: =CFwp_Korea!D51+CFwp_US_KRW!D51 -> 0 | E51: =CFwp_Korea!E51+CFwp_US_KRW!E51 -> 0 | F51: =E51-D51 -> 0 | G51: =J51-K51+N51+O51-P51+Q51-R51-T51+V51+F51-W51+X51-Y51+Z51 -> 0 | H51: 이자수익(금융) | I51: =CFwp_Korea!I51+CFwp_US_KRW!I51 -> 0 | J51: =CFwp_Korea!J51+CFwp_US_KRW!J51 -> 0 | K51: =CFwp_Korea!K51+CFwp_US_KRW!K51 -> 0 | L51: =CFwp_Korea!L51+CFwp_US_KRW!L51 -> 0 | M51: =CFwp_Korea!M51+CFwp_US_KRW!M51 -> 0 | N51: =CFwp_Korea!N51+CFwp_US_KRW!N51 -> 0 | O51: =CFwp_Korea!O51+CFwp_US_KRW!O51 -> 0 | P51: =CFwp_Korea!P51+CFwp_US_KRW!P51 -> 0 | ... Z51: =CFwp_Korea!Z51+CFwp_US_KRW!Z51 -> 0
B52: A2104 | C52: 장기매도가능증권 | D52: =CFwp_Korea!D52+CFwp_US_KRW!D52 -> 0 | E52: =CFwp_Korea!E52+CFwp_US_KRW!E52 -> 0 | F52: =E52-D52 -> 0 | G52: =J52-K52+N52+O52-P52+Q52-R52-T52+V52+F52-W52+X52-Y52+Z52 -> 0 | I52: =CFwp_Korea!I52+CFwp_US_KRW!I52 -> 0 | J52: =CFwp_Korea!J52+CFwp_US_KRW!J52 -> 0 | K52: =CFwp_Korea!K52+CFwp_US_KRW!K52 -> 0 | L52: =CFwp_Korea!L52+CFwp_US_KRW!L52 -> 0 | M52: =CFwp_Korea!M52+CFwp_US_KRW!M52 -> 0 | N52: =CFwp_Korea!N52+CFwp_US_KRW!N52 -> 0 | O52: =CFwp_Korea!O52+CFwp_US_KRW!O52 -> 0 | P52: =CFwp_Korea!P52+CFwp_US_KRW!P52 -> 0 | ... Z52: =CFwp_Korea!Z52+CFwp_US_KRW!Z52 -> 0
B53: A2102 | C53: 당기손익-공정가치금융자산(비유동) | D53: =CFwp_Korea!D53+CFwp_US_KRW!D53 -> 1059412860 | E53: =CFwp_Korea!E53+CFwp_US_KRW!E53 -> 5.0476224e+09 | F53: =E53-D53 -> 3.9882095e+09 | G53: =J53-K53+N53+O53-P53+Q53-R53-T53+V53+F53-W53+X53-Y53+Z53 -> 1.4305115e-06 | H53: 금융자산평가이익 | I53: =CFwp_Korea!I53+CFwp_US_KRW!I53 -> 5.0780154e+08 | J53: =CFwp_Korea!J53+CFwp_US_KRW!J53 -> 0 | K53: =CFwp_Korea!K53+CFwp_US_KRW!K53 -> 5.0780154e+08 | L53: =CFwp_Korea!L53+CFwp_US_KRW!L53 -> 0 | M53: =CFwp_Korea!M53+CFwp_US_KRW!M53 -> 0 | N53: =CFwp_Korea!N53+CFwp_US_KRW!N53 -> 0 | O53: =CFwp_Korea!O53+CFwp_US_KRW!O53 -> 0 | P53: =CFwp_Korea!P53+CFwp_US_KRW!P53 -> 3480408000 | ... Z53: =CFwp_Korea!Z53+CFwp_US_KRW!Z53 -> 0
G54: =J54-K54+N54+O54-P54+Q54-R54-T54+V54+F54-W54+X54-Y54+Z54 -> 0 | I54: =CFwp_Korea!I54+CFwp_US_KRW!I54 -> 0 | J54: =CFwp_Korea!J54+CFwp_US_KRW!J54 -> 0 | K54: =CFwp_Korea!K54+CFwp_US_KRW!K54 -> 0 | L54: =CFwp_Korea!L54+CFwp_US_KRW!L54 -> 0 | M54: =CFwp_Korea!M54+CFwp_US_KRW!M54 -> 0 | N54: =CFwp_Korea!N54+CFwp_US_KRW!N54 -> 0 | O54: =CFwp_Korea!O54+CFwp_US_KRW!O54 -> 0 | P54: =CFwp_Korea!P54+CFwp_US_KRW!P54 -> 0 | ... Z54: =CFwp_Korea!Z54+CFwp_US_KRW!Z54 -> 0
B55: A2106 | C55: 종속기업투자 | D55: =CFwp_Korea!D55+CFwp_US_KRW!D55 -> 1179726013 | E55: =CFwp_Korea!E55+CFwp_US_KRW!E55 -> 1725826013 | F55: =E55-D55 -> 546100000 | G55: =J55-K55+N55+O55-P55+Q55-R55-T55+V55+F55-W55+X55-Y55+Z55 -> 0 | I55: =CFwp_Korea!I55+CFwp_US_KRW!I55 -> 0 | J55: =CFwp_Korea!J55+CFwp_US_KRW!J55 -> 0 | K55: =CFwp_Korea!K55+CFwp_US_KRW!K55 -> 0 | L55: =CFwp_Korea!L55+CFwp_US_KRW!L55 -> 0 | M55: =CFwp_Korea!M55+CFwp_US_KRW!M55 -> 0 | N55: =CFwp_Korea!N55+CFwp_US_KRW!N55 -> 0 | O55: =CFwp_Korea!O55+CFwp_US_KRW!O55 -> 0 | P55: =CFwp_Korea!P55+CFwp_US_KRW!P55 -> 546100000 | ... Z55: =CFwp_Korea!Z55+CFwp_US_KRW!Z55 -> 0
D56: =CFwp_Korea!D56+CFwp_US_KRW!D56 -> 0 | E56: =CFwp_Korea!E56+CFwp_US_KRW!E56 -> 0 | G56: =J56-K56+N56+O56-P56+Q56-R56-T56+V56+F56-W56+X56-Y56+Z56 -> 0 | I56: =CFwp_Korea!I56+CFwp_US_KRW!I56 -> 0 | J56: =CFwp_Korea!J56+CFwp_US_KRW!J56 -> 0 | K56: =CFwp_Korea!K56+CFwp_US_KRW!K56 -> 0 | L56: =CFwp_Korea!L56+CFwp_US_KRW!L56 -> 0 | M56: =CFwp_Korea!M56+CFwp_US_KRW!M56 -> 0 | N56: =CFwp_Korea!N56+CFwp_US_KRW!N56 -> 0 | O56: =CFwp_Korea!O56+CFwp_US_KRW!O56 -> 0 | P56: =CFwp_Korea!P56+CFwp_US_KRW!P56 -> 0 | ... Z56: =CFwp_Korea!Z56+CFwp_US_KRW!Z56 -> 0
B57: A2107 | C57: 관계기업투자 | D57: =CFwp_Korea!D57+CFwp_US_KRW!D57 -> 81445762713 | E57: =CFwp_Korea!E57+CFwp_US_KRW!E57 -> 82863041989 | F57: =E57-D57 -> 1417279276 | G57: =J57-K57+N57+O57-P57+Q57-R57-T57+V57+F57-W57+X57-Y57+Z57 -> 0 | I57: =CFwp_Korea!I57+CFwp_US_KRW!I57 -> 0 | J57: =CFwp_Korea!J57+CFwp_US_KRW!J57 -> 0 | K57: =CFwp_Korea!K57+CFwp_US_KRW!K57 -> 0 | L57: =CFwp_Korea!L57+CFwp_US_KRW!L57 -> 0 | M57: =CFwp_Korea!M57+CFwp_US_KRW!M57 -> 0 | N57: =CFwp_Korea!N57+CFwp_US_KRW!N57 -> 0 | O57: =CFwp_Korea!O57+CFwp_US_KRW!O57 -> 0 | P57: =CFwp_Korea!P57+CFwp_US_KRW!P57 -> 1417279276 | ... Z57: =CFwp_Korea!Z57+CFwp_US_KRW!Z57 -> 0
G58: =J58-K58+N58+O58-P58+Q58-R58-T58+V58+F58-W58+X58-Y58+Z58 -> 0 | I58: =CFwp_Korea!I58+CFwp_US_KRW!I58 -> 0 | J58: =CFwp_Korea!J58+CFwp_US_KRW!J58 -> 0 | K58: =CFwp_Korea!K58+CFwp_US_KRW!K58 -> 0 | L58: =CFwp_Korea!L58+CFwp_US_KRW!L58 -> 0 | M58: =CFwp_Korea!M58+CFwp_US_KRW!M58 -> 0 | N58: =CFwp_Korea!N58+CFwp_US_KRW!N58 -> 0 | O58: =CFwp_Korea!O58+CFwp_US_KRW!O58 -> 0 | P58: =CFwp_Korea!P58+CFwp_US_KRW!P58 -> 0 | ... Z58: =CFwp_Korea!Z58+CFwp_US_KRW!Z58 -> 0
C59: 유형자산 | D59: =SUM(D60:D80) -> 23576668792 | E59: =SUM(E60:E80) -> 49659331676 | Y59: 0 | Z59: 0
B60: A2201 | C60: 토지 | D60: =CFwp_Korea!D60+CFwp_US_KRW!D60 -> 10242504190 | E60: =CFwp_Korea!E60+CFwp_US_KRW!E60 -> 14540910314 | F60: =E60-D60 -> 4298406124 | G60: =J60-K60+N60+O60-P60+Q60-R60-T60+V60+F60-W60+X60-Y60+Z60 -> 0 | I60: =CFwp_Korea!I60+CFwp_US_KRW!I60 -> 0 | J60: =CFwp_Korea!J60+CFwp_US_KRW!J60 -> 0 | K60: =CFwp_Korea!K60+CFwp_US_KRW!K60 -> 0 | L60: =CFwp_Korea!L60+CFwp_US_KRW!L60 -> 0 | M60: =CFwp_Korea!M60+CFwp_US_KRW!M60 -> 0 | N60: =CFwp_Korea!N60+CFwp_US_KRW!N60 -> 0 | O60: =CFwp_Korea!O60+CFwp_US_KRW!O60 -> 0 | P60: =CFwp_Korea!P60+CFwp_US_KRW!P60 -> 4298406124 | ... Z60: =CFwp_Korea!Z60+CFwp_US_KRW!Z60 -> 0
B61: A2202 | C61: 건물 | D61: =CFwp_Korea!D61+CFwp_US_KRW!D61 -> 10031774698 | E61: =CFwp_Korea!E61+CFwp_US_KRW!E61 -> 19217775430 | F61: =E61-D61 -> 9186000732 | G61: =J61-K61+N61+O61-P61+Q61-R61-T61+V61+F61-W61+X61-Y61+Z61 -> 0 | I61: =CFwp_Korea!I61+CFwp_US_KRW!I61 -> 0 | J61: =CFwp_Korea!J61+CFwp_US_KRW!J61 -> 0 | K61: =CFwp_Korea!K61+CFwp_US_KRW!K61 -> 0 | L61: =CFwp_Korea!L61+CFwp_US_KRW!L61 -> 0 | M61: =CFwp_Korea!M61+CFwp_US_KRW!M61 -> 0 | N61: =CFwp_Korea!N61+CFwp_US_KRW!N61 -> 0 | O61: =CFwp_Korea!O61+CFwp_US_KRW!O61 -> 0 | P61: =CFwp_Korea!P61+CFwp_US_KRW!P61 -> 9181000732 | ... Z61: =CFwp_Korea!Z61+CFwp_US_KRW!Z61 -> 0
B62: A2202-1 | C62: 감가상각누계액-건물 | D62: =CFwp_Korea!D62+CFwp_US_KRW!D62 -> -1432627018 | E62: =CFwp_Korea!E62+CFwp_US_KRW!E62 -> -1727592015 | F62: =E62-D62 -> -294964997 | G62: =J62-K62+N62+O62-P62+Q62-R62-T62+V62+F62-W62+X62-Y62+Z62 -> 0 | H62: 감가상각비 | I62: =CFwp_Korea!I62+CFwp_US_KRW!I62 -> 294964997 | J62: =CFwp_Korea!J62+CFwp_US_KRW!J62 -> 294964997 | K62: =CFwp_Korea!K62+CFwp_US_KRW!K62 -> 0 | L62: =CFwp_Korea!L62+CFwp_US_KRW!L62 -> 0 | M62: =CFwp_Korea!M62+CFwp_US_KRW!M62 -> 0 | N62: =CFwp_Korea!N62+CFwp_US_KRW!N62 -> 0 | O62: =CFwp_Korea!O62+CFwp_US_KRW!O62 -> 0 | P62: =CFwp_Korea!P62+CFwp_US_KRW!P62 -> 0 | ... Z62: =CFwp_Korea!Z62+CFwp_US_KRW!Z62 -> 0
B63: A2203 | C63: 구축물 | D63: =CFwp_Korea!D63+CFwp_US_KRW!D63 -> 22700000 | E63: =CFwp_Korea!E63+CFwp_US_KRW!E63 -> 257700000 | F63: =E63-D63 -> 235000000 | G63: =J63-K63+N63+O63-P63+Q63-R63-T63+V63+F63-W63+X63-Y63+Z63 -> 0 | I63: =CFwp_Korea!I63+CFwp_US_KRW!I63 -> 0 | J63: =CFwp_Korea!J63+CFwp_US_KRW!J63 -> 0 | K63: =CFwp_Korea!K63+CFwp_US_KRW!K63 -> 0 | L63: =CFwp_Korea!L63+CFwp_US_KRW!L63 -> 0 | M63: =CFwp_Korea!M63+CFwp_US_KRW!M63 -> 0 | N63: =CFwp_Korea!N63+CFwp_US_KRW!N63 -> 0 | O63: =CFwp_Korea!O63+CFwp_US_KRW!O63 -> 0 | P63: =CFwp_Korea!P63+CFwp_US_KRW!P63 -> 235000000 | ... Z63: =CFwp_Korea!Z63+CFwp_US_KRW!Z63 -> 0
B64: A2203-1 | C64: 감가상각누계액-구축물 | D64: =CFwp_Korea!D64+CFwp_US_KRW!D64 -> -3171875 | E64: =CFwp_Korea!E64+CFwp_US_KRW!E64 -> -4353959 | F64: =E64-D64 -> -1182084 | G64: =J64-K64+N64+O64-P64+Q64-R64-T64+V64+F64-W64+X64-Y64+Z64 -> 0 | H64: 감가상각비 | I64: =CFwp_Korea!I64+CFwp_US_KRW!I64 -> 1182084 | J64: =CFwp_Korea!J64+CFwp_US_KRW!J64 -> 1182084 | K64: =CFwp_Korea!K64+CFwp_US_KRW!K64 -> 0 | L64: =CFwp_Korea!L64+CFwp_US_KRW!L64 -> 0 | M64: =CFwp_Korea!M64+CFwp_US_KRW!M64 -> 0 | N64: =CFwp_Korea!N64+CFwp_US_KRW!N64 -> 0 | O64: =CFwp_Korea!O64+CFwp_US_KRW!O64 -> 0 | P64: =CFwp_Korea!P64+CFwp_US_KRW!P64 -> 0 | ... Z64: =CFwp_Korea!Z64+CFwp_US_KRW!Z64 -> 0
B65: A2204 | C65: 기계장치 | D65: =CFwp_Korea!D65+CFwp_US_KRW!D65 -> 6503637671 | E65: =CFwp_Korea!E65+CFwp_US_KRW!E65 -> 15320979207 | F65: =E65-D65 -> 8817341536 | G65: =J65-K65+N65+O65-P65+Q65-R65-T65+V65+F65-W65+X65-Y65+Z65 -> 0 | H65: 유형자산처분이익 | I65: =CFwp_Korea!I65+CFwp_US_KRW!I65 -> 139173 | J65: =CFwp_Korea!J65+CFwp_US_KRW!J65 -> 7360639 | K65: =CFwp_Korea!K65+CFwp_US_KRW!K65 -> 139173 | L65: =CFwp_Korea!L65+CFwp_US_KRW!L65 -> 0 | M65: =CFwp_Korea!M65+CFwp_US_KRW!M65 -> 0 | N65: =CFwp_Korea!N65+CFwp_US_KRW!N65 -> 0 | O65: =CFwp_Korea!O65+CFwp_US_KRW!O65 -> 77350732 | P65: =CFwp_Korea!P65+CFwp_US_KRW!P65 -> 8369023683 | ... Z65: =CFwp_Korea!Z65+CFwp_US_KRW!Z65 -> 0
G66: =J66-K66+N66+O66-P66+Q66-R66-T66+V66+F66-W66+X66-Y66+Z66 -> 0 | H66: 유형자산처분손실 | I66: =CFwp_Korea!I66+CFwp_US_KRW!I66 -> 7360639 | J66: =CFwp_Korea!J66+CFwp_US_KRW!J66 -> 0 | K66: =CFwp_Korea!K66+CFwp_US_KRW!K66 -> 0 | L66: =CFwp_Korea!L66+CFwp_US_KRW!L66 -> 0 | M66: =CFwp_Korea!M66+CFwp_US_KRW!M66 -> 0 | N66: =CFwp_Korea!N66+CFwp_US_KRW!N66 -> 0 | O66: =CFwp_Korea!O66+CFwp_US_KRW!O66 -> 0 | P66: =CFwp_Korea!P66+CFwp_US_KRW!P66 -> 0 | ... Z66: =CFwp_Korea!Z66+CFwp_US_KRW!Z66 -> 0
B67: A2204-1 | C67: 감가상각누계액-기계장치 | D67: =CFwp_Korea!D67+CFwp_US_KRW!D67 -> -3140202769 | E67: =CFwp_Korea!E67+CFwp_US_KRW!E67 -> -3981680038 | F67: =E67-D67 -> -841477269 | G67: =J67-K67+N67+O67-P67+Q67-R67-T67+V67+F67-W67+X67-Y67+Z67 -> 0 | H67: 감가상각비 | I67: =CFwp_Korea!I67+CFwp_US_KRW!I67 -> 987680138 | J67: =CFwp_Korea!J67+CFwp_US_KRW!J67 -> 987680138 | K67: =CFwp_Korea!K67+CFwp_US_KRW!K67 -> 0 | L67: =CFwp_Korea!L67+CFwp_US_KRW!L67 -> 0 | M67: =CFwp_Korea!M67+CFwp_US_KRW!M67 -> 0 | N67: =CFwp_Korea!N67+CFwp_US_KRW!N67 -> 0 | O67: =CFwp_Korea!O67+CFwp_US_KRW!O67 -> 0 | P67: =CFwp_Korea!P67+CFwp_US_KRW!P67 -> 0 | ... Z67: =CFwp_Korea!Z67+CFwp_US_KRW!Z67 -> 0
B68: A2204-2 | C68: 손상차손누계액-기계장치 | D68: =CFwp_Korea!D68+CFwp_US_KRW!D68 -> 0 | E68: =CFwp_Korea!E68+CFwp_US_KRW!E68 -> 0 | F68: =E68-D68 -> 0 | G68: =J68-K68+N68+O68-P68+Q68-R68-T68+V68+F68-W68+X68-Y68+Z68 -> 0 | I68: =CFwp_Korea!I68+CFwp_US_KRW!I68 -> 0 | J68: =CFwp_Korea!J68+CFwp_US_KRW!J68 -> 0 | K68: =CFwp_Korea!K68+CFwp_US_KRW!K68 -> 0 | L68: =CFwp_Korea!L68+CFwp_US_KRW!L68 -> 0 | M68: =CFwp_Korea!M68+CFwp_US_KRW!M68 -> 0 | N68: =CFwp_Korea!N68+CFwp_US_KRW!N68 -> 0 | O68: =CFwp_Korea!O68+CFwp_US_KRW!O68 -> 0 | P68: =CFwp_Korea!P68+CFwp_US_KRW!P68 -> 0 | ... Z68: =CFwp_Korea!Z68+CFwp_US_KRW!Z68 -> 0
B69: A2205 | C69: 차량운반구 | D69: =CFwp_Korea!D69+CFwp_US_KRW!D69 -> 34420100 | E69: =CFwp_Korea!E69+CFwp_US_KRW!E69 -> 125824402 | F69: =E69-D69 -> 91404302 | G69: =J69-K69+N69+O69-P69+Q69-R69-T69+V69+F69-W69+X69-Y69+Z69 -> 0 | H69: 유형자산처분이익 | I69: =CFwp_Korea!I69+CFwp_US_KRW!I69 -> 727273 | J69: =CFwp_Korea!J69+CFwp_US_KRW!J69 -> 0 | K69: =CFwp_Korea!K69+CFwp_US_KRW!K69 -> 727273 | L69: =CFwp_Korea!L69+CFwp_US_KRW!L69 -> 0 | M69: =CFwp_Korea!M69+CFwp_US_KRW!M69 -> 0 | N69: =CFwp_Korea!N69+CFwp_US_KRW!N69 -> 0 | O69: =CFwp_Korea!O69+CFwp_US_KRW!O69 -> 727273 | P69: =CFwp_Korea!P69+CFwp_US_KRW!P69 -> 102869302 | ... Z69: =CFwp_Korea!Z69+CFwp_US_KRW!Z69 -> 0
B70: A2205-1 | C70: 감가상각누계액-차량운반구 | D70: =CFwp_Korea!D70+CFwp_US_KRW!D70 -> -28363302 | E70: =CFwp_Korea!E70+CFwp_US_KRW!E70 -> -24557355 | F70: =E70-D70 -> 3805947 | G70: =J70-K70+N70+O70-P70+Q70-R70-T70+V70+F70-W70+X70-Y70+Z70 -> 0 | H70: 감가상각비 | I70: =CFwp_Korea!I70+CFwp_US_KRW!I70 -> 7659053 | J70: =CFwp_Korea!J70+CFwp_US_KRW!J70 -> 7659053 | K70: =CFwp_Korea!K70+CFwp_US_KRW!K70 -> 0 | L70: =CFwp_Korea!L70+CFwp_US_KRW!L70 -> 0 | M70: =CFwp_Korea!M70+CFwp_US_KRW!M70 -> 0 | N70: =CFwp_Korea!N70+CFwp_US_KRW!N70 -> 0 | O70: =CFwp_Korea!O70+CFwp_US_KRW!O70 -> 0 | P70: =CFwp_Korea!P70+CFwp_US_KRW!P70 -> 0 | ... Z70: =CFwp_Korea!Z70+CFwp_US_KRW!Z70 -> 0
B71: A2206 | C71: 공구와기구 | D71: =CFwp_Korea!D71+CFwp_US_KRW!D71 -> 201435000 | E71: =CFwp_Korea!E71+CFwp_US_KRW!E71 -> 211935000 | F71: =E71-D71 -> 10500000 | G71: =J71-K71+N71+O71-P71+Q71-R71-T71+V71+F71-W71+X71-Y71+Z71 -> 0 | I71: =CFwp_Korea!I71+CFwp_US_KRW!I71 -> 0 | J71: =CFwp_Korea!J71+CFwp_US_KRW!J71 -> 0 | K71: =CFwp_Korea!K71+CFwp_US_KRW!K71 -> 0 | L71: =CFwp_Korea!L71+CFwp_US_KRW!L71 -> 0 | M71: =CFwp_Korea!M71+CFwp_US_KRW!M71 -> 0 | N71: =CFwp_Korea!N71+CFwp_US_KRW!N71 -> 0 | O71: =CFwp_Korea!O71+CFwp_US_KRW!O71 -> 0 | P71: =CFwp_Korea!P71+CFwp_US_KRW!P71 -> 5250000 | ... Z71: =CFwp_Korea!Z71+CFwp_US_KRW!Z71 -> 0
B72: A2206-1 | C72: 감가상각누계액-공구와기구 | D72: =CFwp_Korea!D72+CFwp_US_KRW!D72 -> -151462155 | E72: =CFwp_Korea!E72+CFwp_US_KRW!E72 -> -171495917 | F72: =E72-D72 -> -20033762 | G72: =J72-K72+N72+O72-P72+Q72-R72-T72+V72+F72-W72+X72-Y72+Z72 -> 0 | H72: 감가상각비 | I72: =CFwp_Korea!I72+CFwp_US_KRW!I72 -> 20033762 | J72: =CFwp_Korea!J72+CFwp_US_KRW!J72 -> 20033762 | K72: =CFwp_Korea!K72+CFwp_US_KRW!K72 -> 0 | L72: =CFwp_Korea!L72+CFwp_US_KRW!L72 -> 0 | M72: =CFwp_Korea!M72+CFwp_US_KRW!M72 -> 0 | N72: =CFwp_Korea!N72+CFwp_US_KRW!N72 -> 0 | O72: =CFwp_Korea!O72+CFwp_US_KRW!O72 -> 0 | P72: =CFwp_Korea!P72+CFwp_US_KRW!P72 -> 0 | ... Z72: =CFwp_Korea!Z72+CFwp_US_KRW!Z72 -> 0
B73: A2206-2 | C73: 손상차손누계액-공구와기구 | D73: =CFwp_Korea!D73+CFwp_US_KRW!D73 -> 0 | E73: =CFwp_Korea!E73+CFwp_US_KRW!E73 -> 0 | F73: =E73-D73 -> 0 | G73: =J73-K73+N73+O73-P73+Q73-R73-T73+V73+F73-W73+X73-Y73+Z73 -> 0 | I73: =CFwp_Korea!I73+CFwp_US_KRW!I73 -> 0 | J73: =CFwp_Korea!J73+CFwp_US_KRW!J73 -> 0 | K73: =CFwp_Korea!K73+CFwp_US_KRW!K73 -> 0 | L73: =CFwp_Korea!L73+CFwp_US_KRW!L73 -> 0 | M73: =CFwp_Korea!M73+CFwp_US_KRW!M73 -> 0 | N73: =CFwp_Korea!N73+CFwp_US_KRW!N73 -> 0 | O73: =CFwp_Korea!O73+CFwp_US_KRW!O73 -> 0 | P73: =CFwp_Korea!P73+CFwp_US_KRW!P73 -> 0 | ... Z73: =CFwp_Korea!Z73+CFwp_US_KRW!Z73 -> 0
B74: A2207 | C74: 비품 | D74: =CFwp_Korea!D74+CFwp_US_KRW!D74 -> 1266113371 | E74: =CFwp_Korea!E74+CFwp_US_KRW!E74 -> 1782697655 | F74: =E74-D74 -> 516584284 | G74: =J74-K74+N74+O74-P74+Q74-R74-T74+V74+F74-W74+X74-Y74+Z74 -> 0 | H74: 유형자산처분손실 | I74: =CFwp_Korea!I74+CFwp_US_KRW!I74 -> 4950000 | J74: =CFwp_Korea!J74+CFwp_US_KRW!J74 -> 4950000 | K74: =CFwp_Korea!K74+CFwp_US_KRW!K74 -> 0 | L74: =CFwp_Korea!L74+CFwp_US_KRW!L74 -> 0 | M74: =CFwp_Korea!M74+CFwp_US_KRW!M74 -> 0 | N74: =CFwp_Korea!N74+CFwp_US_KRW!N74 -> 0 | O74: =CFwp_Korea!O74+CFwp_US_KRW!O74 -> 0 | P74: =CFwp_Korea!P74+CFwp_US_KRW!P74 -> 550839970 | ... Z74: =CFwp_Korea!Z74+CFwp_US_KRW!Z74 -> 1255686
B75: A2207-1 | C75: 감가상각누계액-비품 | D75: =CFwp_Korea!D75+CFwp_US_KRW!D75 -> -906640681 | E75: =CFwp_Korea!E75+CFwp_US_KRW!E75 -> -1068922411 | F75: =E75-D75 -> -162281730 | G75: =J75-K75+N75+O75-P75+Q75-R75-T75+V75+F75-W75+X75-Y75+Z75 -> 0 | H75: 감가상각비 | I75: =CFwp_Korea!I75+CFwp_US_KRW!I75 -> 190727634 | J75: =CFwp_Korea!J75+CFwp_US_KRW!J75 -> 190727634 | K75: =CFwp_Korea!K75+CFwp_US_KRW!K75 -> 0 | L75: =CFwp_Korea!L75+CFwp_US_KRW!L75 -> 0 | M75: =CFwp_Korea!M75+CFwp_US_KRW!M75 -> 0 | N75: =CFwp_Korea!N75+CFwp_US_KRW!N75 -> 0 | O75: =CFwp_Korea!O75+CFwp_US_KRW!O75 -> 0 | P75: =CFwp_Korea!P75+CFwp_US_KRW!P75 -> 0 | ... Z75: =CFwp_Korea!Z75+CFwp_US_KRW!Z75 -> 0
B76: A2208 | C76: 건설중인자산 | D76: =CFwp_Korea!D76+CFwp_US_KRW!D76 -> 346550000 | E76: =CFwp_Korea!E76+CFwp_US_KRW!E76 -> 4219307334 | F76: =E76-D76 -> 3872757334 | G76: =J76-K76+N76+O76-P76+Q76-R76-T76+V76+F76-W76+X76-Y76+Z76 -> 0 | I76: =CFwp_Korea!I76+CFwp_US_KRW!I76 -> 0 | J76: =CFwp_Korea!J76+CFwp_US_KRW!J76 -> 0 | K76: =CFwp_Korea!K76+CFwp_US_KRW!K76 -> 0 | L76: =CFwp_Korea!L76+CFwp_US_KRW!L76 -> 0 | M76: =CFwp_Korea!M76+CFwp_US_KRW!M76 -> 0 | N76: =CFwp_Korea!N76+CFwp_US_KRW!N76 -> 0 | O76: =CFwp_Korea!O76+CFwp_US_KRW!O76 -> 0 | P76: =CFwp_Korea!P76+CFwp_US_KRW!P76 -> 3604459078 | ... Z76: =CFwp_Korea!Z76+CFwp_US_KRW!Z76 -> 0
B77: A2209 | C77: 시설장치 | D77: =CFwp_Korea!D77+CFwp_US_KRW!D77 -> 1687253723 | E77: =CFwp_Korea!E77+CFwp_US_KRW!E77 -> 2038676723 | F77: =E77-D77 -> 351423000 | G77: =J77-K77+N77+O77-P77+Q77-R77-T77+V77+F77-W77+X77-Y77+Z77 -> 0 | I77: =CFwp_Korea!I77+CFwp_US_KRW!I77 -> 0 | J77: =CFwp_Korea!J77+CFwp_US_KRW!J77 -> 0 | K77: =CFwp_Korea!K77+CFwp_US_KRW!K77 -> 0 | L77: =CFwp_Korea!L77+CFwp_US_KRW!L77 -> 0 | M77: =CFwp_Korea!M77+CFwp_US_KRW!M77 -> 0 | N77: =CFwp_Korea!N77+CFwp_US_KRW!N77 -> 0 | O77: =CFwp_Korea!O77+CFwp_US_KRW!O77 -> 0 | P77: =CFwp_Korea!P77+CFwp_US_KRW!P77 -> 351423000 | ... Z77: =CFwp_Korea!Z77+CFwp_US_KRW!Z77 -> 0
B78: A2209-1 | C78: 감가상각누계액-시설장치 | D78: =CFwp_Korea!D78+CFwp_US_KRW!D78 -> -1187465138 | E78: =CFwp_Korea!E78+CFwp_US_KRW!E78 -> -1418011609 | F78: =E78-D78 -> -230546471 | G78: =J78-K78+N78+O78-P78+Q78-R78-T78+V78+F78-W78+X78-Y78+Z78 -> 0 | H78: 감가상각비 | I78: =CFwp_Korea!I78+CFwp_US_KRW!I78 -> 230546471 | J78: =CFwp_Korea!J78+CFwp_US_KRW!J78 -> 230546471 | K78: =CFwp_Korea!K78+CFwp_US_KRW!K78 -> 0 | L78: =CFwp_Korea!L78+CFwp_US_KRW!L78 -> 0 | M78: =CFwp_Korea!M78+CFwp_US_KRW!M78 -> 0 | N78: =CFwp_Korea!N78+CFwp_US_KRW!N78 -> 0 | O78: =CFwp_Korea!O78+CFwp_US_KRW!O78 -> 0 | P78: =CFwp_Korea!P78+CFwp_US_KRW!P78 -> 0 | ... Z78: =CFwp_Korea!Z78+CFwp_US_KRW!Z78 -> 0
B79: A2211 | C79: 사용권자산 | D79: =CFwp_Korea!D79+CFwp_US_KRW!D79 -> 132069996 | E79: =CFwp_Korea!E79+CFwp_US_KRW!E79 -> 458164559 | F79: =E79-D79 -> 326094563 | G79: =J79-K79+N79+O79-P79+Q79-R79-T79+V79+F79-W79+X79-Y79+Z79 -> 0 | H79: 감가상각비 | I79: =CFwp_Korea!I79+CFwp_US_KRW!I79 -> 0 | J79: =CFwp_Korea!J79+CFwp_US_KRW!J79 -> 0 | K79: =CFwp_Korea!K79+CFwp_US_KRW!K79 -> 0 | L79: =CFwp_Korea!L79+CFwp_US_KRW!L79 -> 0 | M79: =CFwp_Korea!M79+CFwp_US_KRW!M79 -> 0 | N79: =CFwp_Korea!N79+CFwp_US_KRW!N79 -> 0 | O79: =CFwp_Korea!O79+CFwp_US_KRW!O79 -> 0 | P79: =CFwp_Korea!P79+CFwp_US_KRW!P79 -> 0 | ... Z79: =CFwp_Korea!Z79+CFwp_US_KRW!Z79 -> 0
B80: A2211-1 | C80: 사용권자산-감가상각누계액 | D80: =CFwp_Korea!D80+CFwp_US_KRW!D80 -> -41857019 | E80: =CFwp_Korea!E80+CFwp_US_KRW!E80 -> -118025644 | F80: =E80-D80 -> -76168625 | G80: =J80-K80+N80+O80-P80+Q80-R80-T80+V80+F80-W80+X80-Y80+Z80 -> 0 | H80: 감가상각비 | I80: =CFwp_Korea!I80+CFwp_US_KRW!I80 -> 76168625 | J80: =CFwp_Korea!J80+CFwp_US_KRW!J80 -> 76168625 | K80: =CFwp_Korea!K80+CFwp_US_KRW!K80 -> 0 | L80: =CFwp_Korea!L80+CFwp_US_KRW!L80 -> 0 | M80: =CFwp_Korea!M80+CFwp_US_KRW!M80 -> 0 | N80: =CFwp_Korea!N80+CFwp_US_KRW!N80 -> 0 | O80: =CFwp_Korea!O80+CFwp_US_KRW!O80 -> 0 | P80: =CFwp_Korea!P80+CFwp_US_KRW!P80 -> 0 | ... Z80: =CFwp_Korea!Z80+CFwp_US_KRW!Z80 -> 0
G81: =J81-K81+N81+O81-P81+Q81-R81-T81+V81+F81-W81+X81-Y81+Z81 -> 0 | I81: =CFwp_Korea!I81+CFwp_US_KRW!I81 -> 0 | J81: =CFwp_Korea!J81+CFwp_US_KRW!J81 -> 0 | K81: =CFwp_Korea!K81+CFwp_US_KRW!K81 -> 0 | L81: =CFwp_Korea!L81+CFwp_US_KRW!L81 -> 0 | M81: =CFwp_Korea!M81+CFwp_US_KRW!M81 -> 0 | N81: =CFwp_Korea!N81+CFwp_US_KRW!N81 -> 0 | O81: =CFwp_Korea!O81+CFwp_US_KRW!O81 -> 0 | P81: =CFwp_Korea!P81+CFwp_US_KRW!P81 -> 0 | ... Z81: =CFwp_Korea!Z81+CFwp_US_KRW!Z81 -> 0
C82: 무형자산 | D82: =SUM(D83:D89) -> 304889405 | E82: =SUM(E83:E89) -> 250089092 | Y82: 0 | Z82: 0
B83: A2301 | C83: 영업권 | D83: =CFwp_Korea!D83+CFwp_US_KRW!D83 -> 0 | E83: =CFwp_Korea!E83+CFwp_US_KRW!E83 -> 0 | F83: =E83-D83 -> 0 | G83: =J83-K83+N83+O83-P83+Q83-R83-T83+V83+F83-W83+X83-Y83+Z83 -> 0 | I83: =CFwp_Korea!I83+CFwp_US_KRW!I83 -> 0 | J83: =CFwp_Korea!J83+CFwp_US_KRW!J83 -> 0 | K83: =CFwp_Korea!K83+CFwp_US_KRW!K83 -> 0 | L83: =CFwp_Korea!L83+CFwp_US_KRW!L83 -> 0 | M83: =CFwp_Korea!M83+CFwp_US_KRW!M83 -> 0 | N83: =CFwp_Korea!N83+CFwp_US_KRW!N83 -> 0 | O83: =CFwp_Korea!O83+CFwp_US_KRW!O83 -> 0 | P83: =CFwp_Korea!P83+CFwp_US_KRW!P83 -> 0 | ... Z83: =CFwp_Korea!Z83+CFwp_US_KRW!Z83 -> 0
B84: A2302 | C84: 소프트웨어 | D84: =CFwp_Korea!D84+CFwp_US_KRW!D84 -> 120423562 | E84: =CFwp_Korea!E84+CFwp_US_KRW!E84 -> 144014402 | F84: =E84-D84 -> 23590840 | G84: =J84-K84+N84+O84-P84+Q84-R84-T84+V84+F84-W84+X84-Y84+Z84 -> 0 | I84: =CFwp_Korea!I84+CFwp_US_KRW!I84 -> 0 | J84: =CFwp_Korea!J84+CFwp_US_KRW!J84 -> 0 | K84: =CFwp_Korea!K84+CFwp_US_KRW!K84 -> 0 | L84: =CFwp_Korea!L84+CFwp_US_KRW!L84 -> 0 | M84: =CFwp_Korea!M84+CFwp_US_KRW!M84 -> 0 | N84: =CFwp_Korea!N84+CFwp_US_KRW!N84 -> 0 | O84: =CFwp_Korea!O84+CFwp_US_KRW!O84 -> 0 | P84: =CFwp_Korea!P84+CFwp_US_KRW!P84 -> 23590840 | ... Z84: =CFwp_Korea!Z84+CFwp_US_KRW!Z84 -> 0
C85: 상각누계액-소프트웨어 | D85: =CFwp_Korea!D85+CFwp_US_KRW!D85 -> -104068596 | E85: =CFwp_Korea!E85+CFwp_US_KRW!E85 -> -111469829 | F85: =E85-D85 -> -7401233 | G85: =J85-K85+N85+O85-P85+Q85-R85-T85+V85+F85-W85+X85-Y85+Z85 -> 0 | H85: 무형자산상각비 | I85: =CFwp_Korea!I85+CFwp_US_KRW!I85 -> 7401233 | J85: =CFwp_Korea!J85+CFwp_US_KRW!J85 -> 7401233 | K85: =CFwp_Korea!K85+CFwp_US_KRW!K85 -> 0 | L85: =CFwp_Korea!L85+CFwp_US_KRW!L85 -> 0 | M85: =CFwp_Korea!M85+CFwp_US_KRW!M85 -> 0 | N85: =CFwp_Korea!N85+CFwp_US_KRW!N85 -> 0 | O85: =CFwp_Korea!O85+CFwp_US_KRW!O85 -> 0 | P85: =CFwp_Korea!P85+CFwp_US_KRW!P85 -> 0 | ... Z85: =CFwp_Korea!Z85+CFwp_US_KRW!Z85 -> 0
B86: A2303 | C86: 산업재산권 | D86: =CFwp_Korea!D86+CFwp_US_KRW!D86 -> 455258699 | E86: =CFwp_Korea!E86+CFwp_US_KRW!E86 -> 455258699 | F86: =E86-D86 -> 0 | G86: =J86-K86+N86+O86-P86+Q86-R86-T86+V86+F86-W86+X86-Y86+Z86 -> 0 | I86: =CFwp_Korea!I86+CFwp_US_KRW!I86 -> 0 | J86: =CFwp_Korea!J86+CFwp_US_KRW!J86 -> 0 | K86: =CFwp_Korea!K86+CFwp_US_KRW!K86 -> 0 | L86: =CFwp_Korea!L86+CFwp_US_KRW!L86 -> 0 | M86: =CFwp_Korea!M86+CFwp_US_KRW!M86 -> 0 | N86: =CFwp_Korea!N86+CFwp_US_KRW!N86 -> 0 | O86: =CFwp_Korea!O86+CFwp_US_KRW!O86 -> 0 | P86: =CFwp_Korea!P86+CFwp_US_KRW!P86 -> 0 | ... Z86: =CFwp_Korea!Z86+CFwp_US_KRW!Z86 -> 0
C87: 상각누계액-산업재산권 | D87: =CFwp_Korea!D87+CFwp_US_KRW!D87 -> -339194260 | E87: =CFwp_Korea!E87+CFwp_US_KRW!E87 -> -410184180 | F87: =E87-D87 -> -70989920 | G87: =J87-K87+N87+O87-P87+Q87-R87-T87+V87+F87-W87+X87-Y87+Z87 -> 0 | H87: 무형자산상각비 | I87: =CFwp_Korea!I87+CFwp_US_KRW!I87 -> 70989920 | J87: =CFwp_Korea!J87+CFwp_US_KRW!J87 -> 70989920 | K87: =CFwp_Korea!K87+CFwp_US_KRW!K87 -> 0 | L87: =CFwp_Korea!L87+CFwp_US_KRW!L87 -> 0 | M87: =CFwp_Korea!M87+CFwp_US_KRW!M87 -> 0 | N87: =CFwp_Korea!N87+CFwp_US_KRW!N87 -> 0 | O87: =CFwp_Korea!O87+CFwp_US_KRW!O87 -> 0 | P87: =CFwp_Korea!P87+CFwp_US_KRW!P87 -> 0 | ... Z87: =CFwp_Korea!Z87+CFwp_US_KRW!Z87 -> 0
B88: A2304 | C88: 회원권(골프회원권 등) | D88: =CFwp_Korea!D88+CFwp_US_KRW!D88 -> 172470000 | E88: =CFwp_Korea!E88+CFwp_US_KRW!E88 -> 172470000 | F88: =E88-D88 -> 0 | G88: =J88-K88+N88+O88-P88+Q88-R88-T88+V88+F88-W88+X88-Y88+Z88 -> 0 | I88: =CFwp_Korea!I88+CFwp_US_KRW!I88 -> 0 | J88: =CFwp_Korea!J88+CFwp_US_KRW!J88 -> 0 | K88: =CFwp_Korea!K88+CFwp_US_KRW!K88 -> 0 | L88: =CFwp_Korea!L88+CFwp_US_KRW!L88 -> 0 | M88: =CFwp_Korea!M88+CFwp_US_KRW!M88 -> 0 | N88: =CFwp_Korea!N88+CFwp_US_KRW!N88 -> 0 | O88: =CFwp_Korea!O88+CFwp_US_KRW!O88 -> 0 | P88: =CFwp_Korea!P88+CFwp_US_KRW!P88 -> 0 | ... Z88: =CFwp_Korea!Z88+CFwp_US_KRW!Z88 -> 0
B89: A2305 | C89: 토지이용권 | D89: =CFwp_Korea!D89+CFwp_US_KRW!D89 -> 0 | E89: =CFwp_Korea!E89+CFwp_US_KRW!E89 -> 0 | F89: =E89-D89 -> 0 | G89: =J89-K89+N89+O89-P89+Q89-R89-T89+V89+F89-W89+X89-Y89+Z89 -> 0 | I89: =CFwp_Korea!I89+CFwp_US_KRW!I89 -> 0 | J89: =CFwp_Korea!J89+CFwp_US_KRW!J89 -> 0 | K89: =CFwp_Korea!K89+CFwp_US_KRW!K89 -> 0 | L89: =CFwp_Korea!L89+CFwp_US_KRW!L89 -> 0 | M89: =CFwp_Korea!M89+CFwp_US_KRW!M89 -> 0 | N89: =CFwp_Korea!N89+CFwp_US_KRW!N89 -> 0 | O89: =CFwp_Korea!O89+CFwp_US_KRW!O89 -> 0 | P89: =CFwp_Korea!P89+CFwp_US_KRW!P89 -> 0 | ... Z89: =CFwp_Korea!Z89+CFwp_US_KRW!Z89 -> 0
C90: 기타비유동자산 | D90: =SUM(D91:D99) -> 42450000 | E90: =SUM(E91:E99) -> 401494000 | Y90: 0 | Z90: 0
B91: A2401 | C91: 이연법인세자산 | D91: =CFwp_Korea!D91+CFwp_US_KRW!D91 -> 0 | E91: =CFwp_Korea!E91+CFwp_US_KRW!E91 -> 0 | F91: =E91-D91 -> 0 | G91: =J91-K91+N91+O91-P91+Q91-R91-T91+V91+F91-W91+X91-Y91+Z91 -> 0 | H91: 법인세비용 | I91: =CFwp_Korea!I91+CFwp_US_KRW!I91 -> 0 | J91: =CFwp_Korea!J91+CFwp_US_KRW!J91 -> 0 | K91: =CFwp_Korea!K91+CFwp_US_KRW!K91 -> 0 | L91: =CFwp_Korea!L91+CFwp_US_KRW!L91 -> 0 | M91: =CFwp_Korea!M91+CFwp_US_KRW!M91 -> 0 | N91: =CFwp_Korea!N91+CFwp_US_KRW!N91 -> 0 | O91: =CFwp_Korea!O91+CFwp_US_KRW!O91 -> 0 | P91: =CFwp_Korea!P91+CFwp_US_KRW!P91 -> 0 | ... Z91: =CFwp_Korea!Z91+CFwp_US_KRW!Z91 -> 0
B92: A2406 | C92: 비유동매출채권 | D92: =CFwp_Korea!D92+CFwp_US_KRW!D92 -> 0 | E92: =CFwp_Korea!E92+CFwp_US_KRW!E92 -> 0 | F92: =E92-D92 -> 0 | G92: =J92-K92+N92+O92-P92+Q92-R92-T92+V92+F92-W92+X92-Y92+Z92 -> 0 | I92: =CFwp_Korea!I92+CFwp_US_KRW!I92 -> 0 | J92: =CFwp_Korea!J92+CFwp_US_KRW!J92 -> 0 | K92: =CFwp_Korea!K92+CFwp_US_KRW!K92 -> 0 | L92: =CFwp_Korea!L92+CFwp_US_KRW!L92 -> 0 | M92: =CFwp_Korea!M92+CFwp_US_KRW!M92 -> 0 | N92: =CFwp_Korea!N92+CFwp_US_KRW!N92 -> 0 | O92: =CFwp_Korea!O92+CFwp_US_KRW!O92 -> 0 | P92: =CFwp_Korea!P92+CFwp_US_KRW!P92 -> 0 | ... Z92: =CFwp_Korea!Z92+CFwp_US_KRW!Z92 -> 0
B93: A2406C | C93: 비유동매출채권/Intercompany | D93: =CFwp_Korea!D93+CFwp_US_KRW!D93 -> 0 | E93: =CFwp_Korea!E93+CFwp_US_KRW!E93 -> 0 | F93: =E93-D93 -> 0 | G93: =J93-K93+N93+O93-P93+Q93-R93-T93+V93+F93-W93+X93-Y93+Z93 -> 0 | I93: =CFwp_Korea!I93+CFwp_US_KRW!I93 -> 0 | J93: =CFwp_Korea!J93+CFwp_US_KRW!J93 -> 0 | K93: =CFwp_Korea!K93+CFwp_US_KRW!K93 -> 0 | L93: =CFwp_Korea!L93+CFwp_US_KRW!L93 -> 0 | M93: =CFwp_Korea!M93+CFwp_US_KRW!M93 -> 0 | N93: =CFwp_Korea!N93+CFwp_US_KRW!N93 -> 0 | O93: =CFwp_Korea!O93+CFwp_US_KRW!O93 -> 0 | P93: =CFwp_Korea!P93+CFwp_US_KRW!P93 -> 0 | ... Z93: =CFwp_Korea!Z93+CFwp_US_KRW!Z93 -> 0
B94: A2406-1 | C94: 현재가치할인차금(비유동)-비유동외상매출금 | D94: =CFwp_Korea!D94+CFwp_US_KRW!D94 -> 0 | E94: =CFwp_Korea!E94+CFwp_US_KRW!E94 -> 0 | F94: =E94-D94 -> 0 | G94: =J94-K94+N94+O94-P94+Q94-R94-T94+V94+F94-W94+X94-Y94+Z94 -> 0 | H94: 이자수익(금융) | I94: =CFwp_Korea!I94+CFwp_US_KRW!I94 -> 0 | J94: =CFwp_Korea!J94+CFwp_US_KRW!J94 -> 0 | K94: =CFwp_Korea!K94+CFwp_US_KRW!K94 -> 0 | L94: =CFwp_Korea!L94+CFwp_US_KRW!L94 -> 0 | M94: =CFwp_Korea!M94+CFwp_US_KRW!M94 -> 0 | N94: =CFwp_Korea!N94+CFwp_US_KRW!N94 -> 0 | O94: =CFwp_Korea!O94+CFwp_US_KRW!O94 -> 0 | P94: =CFwp_Korea!P94+CFwp_US_KRW!P94 -> 0 | ... Z94: =CFwp_Korea!Z94+CFwp_US_KRW!Z94 -> 0
B95: A2406-2 | C95: 대손충당금-비유동매출채권 | D95: =CFwp_Korea!D95+CFwp_US_KRW!D95 -> 0 | E95: =CFwp_Korea!E95+CFwp_US_KRW!E95 -> 0 | F95: =E95-D95 -> 0 | G95: =J95-K95+N95+O95-P95+Q95-R95-T95+V95+F95-W95+X95-Y95+Z95 -> 0 | H95: 대손상각비 | I95: =CFwp_Korea!I95+CFwp_US_KRW!I95 -> 0 | J95: =CFwp_Korea!J95+CFwp_US_KRW!J95 -> 0 | K95: =CFwp_Korea!K95+CFwp_US_KRW!K95 -> 0 | L95: =CFwp_Korea!L95+CFwp_US_KRW!L95 -> 0 | M95: =CFwp_Korea!M95+CFwp_US_KRW!M95 -> 0 | N95: =CFwp_Korea!N95+CFwp_US_KRW!N95 -> 0 | O95: =CFwp_Korea!O95+CFwp_US_KRW!O95 -> 0 | P95: =CFwp_Korea!P95+CFwp_US_KRW!P95 -> 0 | ... Z95: =CFwp_Korea!Z95+CFwp_US_KRW!Z95 -> 0
B96: A2402 | C96: 임차보증금 | D96: =CFwp_Korea!D96+CFwp_US_KRW!D96 -> 0 | E96: =CFwp_Korea!E96+CFwp_US_KRW!E96 -> 359044000 | F96: =E96-D96 -> 359044000 | G96: =J96-K96+N96+O96-P96+Q96-R96-T96+V96+F96-W96+X96-Y96+Z96 -> 0 | I96: =CFwp_Korea!I96+CFwp_US_KRW!I96 -> 0 | J96: =CFwp_Korea!J96+CFwp_US_KRW!J96 -> 0 | K96: =CFwp_Korea!K96+CFwp_US_KRW!K96 -> 0 | L96: =CFwp_Korea!L96+CFwp_US_KRW!L96 -> 0 | M96: =CFwp_Korea!M96+CFwp_US_KRW!M96 -> 0 | N96: =CFwp_Korea!N96+CFwp_US_KRW!N96 -> 0 | O96: =CFwp_Korea!O96+CFwp_US_KRW!O96 -> 0 | P96: =CFwp_Korea!P96+CFwp_US_KRW!P96 -> 359044000 | ... Z96: =CFwp_Korea!Z96+CFwp_US_KRW!Z96 -> 0
B97: A2402-1 | C97: 현재가치할인차금-임차보증금 | D97: =CFwp_Korea!D97+CFwp_US_KRW!D97 -> 0 | E97: =CFwp_Korea!E97+CFwp_US_KRW!E97 -> 0 | F97: =E97-D97 -> 0 | G97: =J97-K97+N97+O97-P97+Q97-R97-T97+V97+F97-W97+X97-Y97+Z97 -> 0 | H97: 이자수익(금융) | I97: =CFwp_Korea!I97+CFwp_US_KRW!I97 -> 0 | J97: =CFwp_Korea!J97+CFwp_US_KRW!J97 -> 0 | K97: =CFwp_Korea!K97+CFwp_US_KRW!K97 -> 0 | L97: =CFwp_Korea!L97+CFwp_US_KRW!L97 -> 0 | M97: =CFwp_Korea!M97+CFwp_US_KRW!M97 -> 0 | N97: =CFwp_Korea!N97+CFwp_US_KRW!N97 -> 0 | O97: =CFwp_Korea!O97+CFwp_US_KRW!O97 -> 0 | P97: =CFwp_Korea!P97+CFwp_US_KRW!P97 -> 0 | ... Z97: =CFwp_Korea!Z97+CFwp_US_KRW!Z97 -> 0
B98: A2402B | C98: 기타보증금 | D98: =CFwp_Korea!D98+CFwp_US_KRW!D98 -> 42450000 | E98: =CFwp_Korea!E98+CFwp_US_KRW!E98 -> 42450000 | F98: =E98-D98 -> 0 | G98: =J98-K98+N98+O98-P98+Q98-R98-T98+V98+F98-W98+X98-Y98+Z98 -> 0 | I98: =CFwp_Korea!I98+CFwp_US_KRW!I98 -> 0 | J98: =CFwp_Korea!J98+CFwp_US_KRW!J98 -> 0 | K98: =CFwp_Korea!K98+CFwp_US_KRW!K98 -> 0 | L98: =CFwp_Korea!L98+CFwp_US_KRW!L98 -> 0 | M98: =CFwp_Korea!M98+CFwp_US_KRW!M98 -> 0 | N98: =CFwp_Korea!N98+CFwp_US_KRW!N98 -> 0 | O98: =CFwp_Korea!O98+CFwp_US_KRW!O98 -> 0 | P98: =CFwp_Korea!P98+CFwp_US_KRW!P98 -> 0 | ... Z98: =CFwp_Korea!Z98+CFwp_US_KRW!Z98 -> 0
B99: A2403 | C99: 회원권 | D99: =CFwp_Korea!D99+CFwp_US_KRW!D99 -> 0 | E99: =CFwp_Korea!E99+CFwp_US_KRW!E99 -> 0 | F99: =E99-D99 -> 0 | G99: =J99-K99+N99+O99-P99+Q99-R99-T99+V99+F99-W99+X99-Y99+Z99 -> 0 | I99: =CFwp_Korea!I99+CFwp_US_KRW!I99 -> 0 | J99: =CFwp_Korea!J99+CFwp_US_KRW!J99 -> 0 | K99: =CFwp_Korea!K99+CFwp_US_KRW!K99 -> 0 | L99: =CFwp_Korea!L99+CFwp_US_KRW!L99 -> 0 | M99: =CFwp_Korea!M99+CFwp_US_KRW!M99 -> 0 | N99: =CFwp_Korea!N99+CFwp_US_KRW!N99 -> 0 | O99: =CFwp_Korea!O99+CFwp_US_KRW!O99 -> 0 | P99: =CFwp_Korea!P99+CFwp_US_KRW!P99 -> 0 | ... Z99: =CFwp_Korea!Z99+CFwp_US_KRW!Z99 -> 0
C100: 자산총계 | D100: =D48+D8 -> 132247355835 | E100: =E48+E8 -> 7.1410042e+11 | Y100: 0 | Z100: 0
C101: 유동부채 | D101: =SUM(D102:D120) -> 16883199986 | E101: =SUM(E102:E120) -> 184052799455 | Y101: 0 | Z101: 0
B102: L1001 | C102: 외상매입금 | D102: =CFwp_Korea!D102+CFwp_US_KRW!D102 -> 2315989588 | E102: =CFwp_Korea!E102+CFwp_US_KRW!E102 -> 29810884706 | F102: =E102-D102 -> 27494895118 | G102: =J102-K102+N102+O102-P102+Q102-R102-T102+V102-F102-W102+X102-Y102+Z102 -> 0 | H102: 외화환산이익 | I102: =CFwp_Korea!I102+CFwp_US_KRW!I102 -> 18069188 | J102: =CFwp_Korea!J102+CFwp_US_KRW!J102 -> 0 | K102: =CFwp_Korea!K102+CFwp_US_KRW!K102 -> 18069188 | L102: =CFwp_Korea!L102+CFwp_US_KRW!L102 -> 27512964306 | M102: =CFwp_Korea!M102+CFwp_US_KRW!M102 -> 0 | N102: =CFwp_Korea!N102+CFwp_US_KRW!N102 -> 27512964306 | O102: =CFwp_Korea!O102+CFwp_US_KRW!O102 -> 0 | P102: =CFwp_Korea!P102+CFwp_US_KRW!P102 -> 0 | ... Z102: =CFwp_Korea!Z102+CFwp_US_KRW!Z102 -> 0
B103: L1001C | C103: 외상매입금/Intercompany | D103: =CFwp_Korea!D103+CFwp_US_KRW!D103 -> 0 | E103: =CFwp_Korea!E103+CFwp_US_KRW!E103 -> 0 | F103: =E103-D103 -> 0 | G103: =J103-K103+N103+O103-P103+Q103-R103-T103+V103-F103-W103+X103-Y103+Z103 -> 0 | H103: 외화환산손실 | I103: =CFwp_Korea!I103+CFwp_US_KRW!I103 -> 0 | J103: =CFwp_Korea!J103+CFwp_US_KRW!J103 -> 0 | K103: =CFwp_Korea!K103+CFwp_US_KRW!K103 -> 0 | L103: =CFwp_Korea!L103+CFwp_US_KRW!L103 -> 0 | M103: =CFwp_Korea!M103+CFwp_US_KRW!M103 -> 0 | N103: =CFwp_Korea!N103+CFwp_US_KRW!N103 -> 0 | O103: =CFwp_Korea!O103+CFwp_US_KRW!O103 -> 0 | P103: =CFwp_Korea!P103+CFwp_US_KRW!P103 -> 0 | ... Z103: =CFwp_Korea!Z103+CFwp_US_KRW!Z103 -> 0
...

Sheet CFwp_Korea
B1: 정산표 | C1: 별도 정산표 v6.0
D2: CF Worksheet
C4: =[197]정산표!C5 -> Balance Verification | D4: =D100-D153 -> 0 | E4: =E100-E153 -> 0 | F4: 검증 | G4: =SUM(G8:G153) -> 0 | T4: 대차검증 | V4: =T154-V154 -> 0 | X4: =SUM(W10:W153)-SUM(X10:X153) -> 0
B5: Account Code | C5: Account | D5: 43830 | E5: 44196 | F5: 증감 | G5: 검증 | J5: 영업활동으로 인한 현금흐름 | O5: 투자활동 | Q5: 재무활동 | S5: 대체 | W5: Merger with
D6: K-IFRS | E6: K-IFRS | H6: Description | I6: Amount | J6: 유출없는비용 | K6: 유입없는수익 | L6: 간접법 | M6: 직접법 | N6: 자산증감 (현금유출입) | O6: 현금유입 | P6: 현금유출 | Q6: 현금유입 | R6: 현금유출 | S6: Description #No | T6: 차변금액 | U6: Description #No | V6: 대변금액 | W6: 차변금액 | X6: 대변금액
C7: 자산 | AB7: 자산
C8: 유동자산 | D8: =D9+D34 -> 23588598166 | E8: =E9+E34 -> 572917913876 | AB8: 유동자산
C9: 당좌자산 | D9: =SUM(D10:D33) -> 15831735316 | E9: =SUM(E10:E33) -> 519871359963 | AB9: 당좌자산
B10: A1101 | C10: 현금시재 | D10: =SUMIF('A-1. 별도FS_19'!$B:$B,CFwp_Korea!B10,'A-1. 별도FS_19'!$D:$D) -> 8772043 | E10: =SUMIF('A-1. 별도FS_20'!$B:$B,CFwp_Korea!B10,'A-1. 별도FS_20'!$D:$D) -> 9195143 | H10: 외화환산이익 | I10: 0 | J10: 384991529 | K10: 0 | N10: 0 | O10: 0 | P10: 0 | Q10: 0 | R10: 0 | T10: 0 | V10: 0 | AA10: A1101 | AB10: 현금시재 | AC10: =AA10=B10 -> TRUE
B11: A1102 | C11: 보통예금 | D11: =SUMIF('A-1. 별도FS_19'!$B:$B,CFwp_Korea!B11,'A-1. 별도FS_19'!$D:$D) -> 5517522912 | E11: =SUMIF('A-1. 별도FS_20'!$B:$B,CFwp_Korea!B11,'A-1. 별도FS_20'!$D:$D) -> 122537878506 | H11: 외화환산손실 | I11: 384991529 | N11: 0 | O11: 0 | P11: 0 | Q11: 0 | R11: 0 | T11: 0 | V11: 0 | AA11: A1102 | AB11: 보통예금 | AC11: =AA11=B11 -> TRUE
B12: A1103 | C12: 국고보조금-현금및현금성자산 | D12: =SUMIF('A-1. 별도FS_19'!$B:$B,CFwp_Korea!B12,'A-1. 별도FS_19'!$D:$D) -> 0 | E12: =SUMIF('A-1. 별도FS_20'!$B:$B,CFwp_Korea!B12,'A-1. 별도FS_20'!$D:$D) -> -13293321 | K12: 0 | N12: 0 | O12: 0 | P12: 0 | Q12: 0 | R12: 0 | T12: 0 | V12: 0 | AA12: A1103 | AB12: 국고보조금-현금및현금성자산 | AC12: =AA12=B12 -> TRUE
B13: A1104 | C13: 정기예.적금 | D13: =SUMIF('A-1. 별도FS_19'!$B:$B,CFwp_Korea!B13,'A-1. 별도FS_19'!$D:$D) -> 0 | E13: =SUMIF('A-1. 별도FS_20'!$B:$B,CFwp_Korea!B13,'A-1. 별도FS_20'!$D:$D) -> 40000000000 | F13: =E13-D13 -> 40000000000 | G13: =J13-K13+N13+O13-P13+Q13-R13-T13+V13+F13-W13+X13-Y13+Z13 -> 0 | N13: 0 | O13: 0 | P13: 40000000000 | Q13: 0 | R13: 0 | T13: 0 | V13: 0 | AA13: A1104 | AB13: 정기예.적금 | AC13: =AA13=B13 -> TRUE
B14: A1105 | C14: 당기손익-공정가치금융자산(유동) | D14: =SUMIF('A-1. 별도FS_19'!$B:$B,CFwp_Korea!B14,'A-1. 별도FS_19'!$D:$D) -> 1001420524 | E14: =SUMIF('A-1. 별도FS_20'!$B:$B,CFwp_Korea!B14,'A-1. 별도FS_20'!$D:$D) -> 40530571199 | F14: =E14-D14 -> 39529150675 | G14: =J14-K14+N14+O14-P14+Q14-R14-T14+V14+F14-W14+X14-Y14+Z14 -> 0 | H14: 금융자산평가이익 | I14: 29150675 | K14: 36575537 | N14: 0 | O14: 8107424862 | P14: 47600000000 | Q14: 0 | R14: 0 | T14: 0 | V14: 0 | AA14: A1105 | AB14: 당기손익-공정가치금융자산(유동) | AC14: =AA14=B14 -> TRUE
H15: 금융자산처분이익 | I15: 7424862 | AC15: =AA15=B15 -> TRUE
B16: A1106 | C16: 외상매출금 | D16: =SUMIF('A-1. 별도FS_19'!$B:$B,CFwp_Korea!B16,'A-1. 별도FS_19'!$D:$D) -> 9358066120 | E16: =SUMIF('A-1. 별도FS_20'!$B:$B,CFwp_Korea!B16,'A-1. 별도FS_20'!$D:$D) -> 311239364207 | F16: =E16-D16 -> 301881298087 | G16: =J16-K16+N16+O16-P16+Q16-R16-T16+V16+F16-W16+X16-Y16+Z16 -> 0 | H16: 외화환산이익 | I16: 0 | J16: 3249273607 | K16: 0 | L16: -305514981921 | N16: -305514981921 | O16: 0 | P16: 0 | Q16: 0 | R16: 0 | T16: 0 | V16: 384410227 | AA16: A1106 | AB16: 외상매출금 | AC16: =AA16=B16 -> TRUE
D17: =SUMIF('A-1. 별도FS_19'!$B:$B,CFwp_Korea!B17,'A-1. 별도FS_19'!$D:$D) -> 0 | E17: =SUMIF('A-1. 별도FS_20'!$B:$B,CFwp_Korea!B17,'A-1. 별도FS_20'!$D:$D) -> 0 | G17: =J17-K17+N17+O17-P17+Q17-R17-T17+V17+F17-W17+X17-Y17+Z17 -> 0 | H17: 외화환산손실 | I17: 3249273607 | AC17: =AA17=B17 -> TRUE
B18: A1106C | C18: 외상매출금/Intercompany | D18: =SUMIF('A-1. 별도FS_19'!$B:$B,CFwp_Korea!B18,'A-1. 별도FS_19'!$D:$D) -> 0 | E18: =SUMIF('A-1. 별도FS_20'!$B:$B,CFwp_Korea!B18,'A-1. 별도FS_20'!$D:$D) -> 0 | F18: =E18-D18 -> 0 | G18: =J18-K18+N18+O18-P18+Q18-R18-T18+V18+F18-W18+X18-Y18+Z18 -> 0 | H18: 대손상각비 | J18: 0 | N18: 0 | O18: 0 | P18: 0 | Q18: 0 | R18: 0 | T18: 0 | V18: 0 | AA18: A1106C | AB18: 외상매출금/Intercompany | AC18: =AA18=B18 -> TRUE
B19: A1106-1 | C19: 현재가치할인차금(유동)-외상매출금 | D19: =SUMIF('A-1. 별도FS_19'!$B:$B,CFwp_Korea!B19,'A-1. 별도FS_19'!$D:$D) -> 0 | E19: =SUMIF('A-1. 별도FS_20'!$B:$B,CFwp_Korea!B19,'A-1. 별도FS_20'!$D:$D) -> 0 | F19: =E19-D19 -> 0 | G19: =J19-K19+N19+O19-P19+Q19-R19-T19+V19+F19-W19+X19-Y19+Z19 -> 0 | H19: 이자수익(금융) | K19: 0 | N19: 0 | O19: 0 | P19: 0 | Q19: 0 | R19: 0 | T19: 0 | V19: 0 | AA19: A1106-1 | AB19: 현재가치할인차금(유동)-외상매출금 | AC19: =AA19=B19 -> TRUE
B20: A1107 | C20: 대손충당금-외상매출금 | D20: =SUMIF('A-1. 별도FS_19'!$B:$B,CFwp_Korea!B20,'A-1. 별도FS_19'!$D:$D) -> -533323483 | E20: =SUMIF('A-1. 별도FS_20'!$B:$B,CFwp_Korea!B20,'A-1. 별도FS_20'!$D:$D) -> -619075951 | F20: =E20-D20 -> -85752468 | G20: =J20-K20+N20+O20-P20+Q20-R20-T20+V20+F20-W20+X20-Y20+Z20 -> 0 | H20: 대손상각비 | I20: 470162695 | J20: 470162695 | N20: 0 | O20: 0 | P20: 0 | Q20: 0 | R20: 0 | T20: 384410227 | V20: 0 | AA20: A1107 | AB20: 대손충당금-외상매출금 | AC20: =AA20=B20 -> TRUE
B21: A1107C | C21: 대손충당금-외상매출금/Intercompany | D21: =SUMIF('A-1. 별도FS_19'!$B:$B,CFwp_Korea!B21,'A-1. 별도FS_19'!$D:$D) -> 0 | E21: =SUMIF('A-1. 별도FS_20'!$B:$B,CFwp_Korea!B21,'A-1. 별도FS_20'!$D:$D) -> 0 | F21: =E21-D21 -> 0 | G21: =J21-K21+N21+O21-P21+Q21-R21-T21+V21+F21-W21+X21-Y21+Z21 -> 0 | K21: 0 | N21: 0 | O21: 0 | P21: 0 | Q21: 0 | R21: 0 | T21: 0 | V21: 0 | AA21: A1107C | AB21: 대손충당금-외상매출금/Intercompany | AC21: =AA21=B21 -> TRUE
B22: A1109 | C22: 단기대여금 | D22: =SUMIF('A-1. 별도FS_19'!$B:$B,CFwp_Korea!B22,'A-1. 별도FS_19'!$D:$D) -> 0 | E22: =SUMIF('A-1. 별도FS_20'!$B:$B,CFwp_Korea!B22,'A-1. 별도FS_20'!$D:$D) -> 0 | F22: =E22-D22 -> 0 | G22: =J22-K22+N22+O22-P22+Q22-R22-T22+V22+F22-W22+X22-Y22+Z22 -> 0 | N22: 0 | O22: 0 | P22: 0 | Q22: 0 | R22: 0 | T22: 0 | V22: 0 | AA22: A1109 | AB22: 단기대여금 | AC22: =AA22=B22 -> TRUE
B23: A1109-1 | C23: 현재가치할인차금-단기대여금 | D23: =SUMIF('A-1. 별도FS_19'!$B:$B,CFwp_Korea!B23,'A-1. 별도FS_19'!$D:$D) -> 0 | E23: =SUMIF('A-1. 별도FS_20'!$B:$B,CFwp_Korea!B23,'A-1. 별도FS_20'!$D:$D) -> 0 | F23: =E23-D23 -> 0 | G23: =J23-K23+N23+O23-P23+Q23-R23-T23+V23+F23-W23+X23-Y23+Z23 -> 0 | H23: 이자수익(금융) | K23: 0 | N23: 0 | O23: 0 | P23: 0 | Q23: 0 | R23: 0 | T23: 0 | V23: 0 | AA23: A1109-1 | AB23: 현재가치할인차금-단기대여금 | AC23: =AA23=B23 -> TRUE
B24: A1111 | C24: 미수수익 | D24: =SUMIF('A-1. 별도FS_19'!$B:$B,CFwp_Korea!B24,'A-1. 별도FS_19'!$D:$D) -> 0 | E24: =SUMIF('A-1. 별도FS_20'!$B:$B,CFwp_Korea!B24,'A-1. 별도FS_20'!$D:$D) -> 0 | F24: =E24-D24 -> 0 | G24: =J24-K24+N24+O24-P24+Q24-R24-T24+V24+F24-W24+X24-Y24+Z24 -> 0 | H24: 이자수익(금융) | I24: 37557679 | K24: 37557679 | M24: 37557679 | N24: 37557679 | O24: 0 | P24: 0 | Q24: 0 | R24: 0 | T24: 0 | V24: 0 | AA24: A1111 | AB24: 미수수익 | AC24: =AA24=B24 -> TRUE
B25: A1112 | C25: 미수금 | D25: =SUMIF('A-1. 별도FS_19'!$B:$B,CFwp_Korea!B25,'A-1. 별도FS_19'!$D:$D) -> 145946788 | E25: =SUMIF('A-1. 별도FS_20'!$B:$B,CFwp_Korea!B25,'A-1. 별도FS_20'!$D:$D) -> 86832198 | F25: =E25-D25 -> -59114590 | G25: =J25-K25+N25+O25-P25+Q25-R25-T25+V25+F25-W25+X25-Y25+Z25 -> 0 | H25: 외화환산손실 | I25: 1635565 | J25: 1635565 | L25: 57479025 | N25: 57479025 | O25: 0 | P25: 0 | Q25: 0 | R25: 0 | T25: 0 | V25: 0 | AA25: A1112 | AB25: 미수금 | AC25: =AA25=B25 -> TRUE
B26: A1115 | C26: 선급금 | D26: =SUMIF('A-1. 별도FS_19'!$B:$B,CFwp_Korea!B26,'A-1. 별도FS_19'!$D:$D) -> 306501376 | E26: =SUMIF('A-1. 별도FS_20'!$B:$B,CFwp_Korea!B26,'A-1. 별도FS_20'!$D:$D) -> 6079778624 | F26: =E26-D26 -> 5773277248 | G26: =J26-K26+N26+O26-P26+Q26-R26-T26+V26+F26-W26+X26-Y26+Z26 -> 0 | H26: 법인세비용 | I26: 460536740 | J26: 460536740 | L26: -6233813988 | N26: -6233813988 | O26: 0 | P26: 0 | Q26: 0 | R26: 0 | T26: 0 | V26: 0 | AA26: A1115 | AB26: 선급금 | AC26: =AA26=B26 -> TRUE
B27: A1116 | C27: 선급비용 | D27: =SUMIF('A-1. 별도FS_19'!$B:$B,CFwp_Korea!B27,'A-1. 별도FS_19'!$D:$D) -> 26829036 | E27: =SUMIF('A-1. 별도FS_20'!$B:$B,CFwp_Korea!B27,'A-1. 별도FS_20'!$D:$D) -> 20109358 | F27: =E27-D27 -> -6719678 | G27: =J27-K27+N27+O27-P27+Q27-R27-T27+V27+F27-W27+X27-Y27+Z27 -> 0 | L27: 6719678 | N27: 6719678 | O27: 0 | P27: 0 | Q27: 0 | R27: 0 | T27: 0 | V27: 0 | AA27: A1116 | AB27: 선급비용 | AC27: =AA27=B27 -> TRUE
B28: A1117 | C28: 부가세대급금 | D28: =SUMIF('A-1. 별도FS_19'!$B:$B,CFwp_Korea!B28,'A-1. 별도FS_19'!$D:$D) -> 0 | E28: =SUMIF('A-1. 별도FS_20'!$B:$B,CFwp_Korea!B28,'A-1. 별도FS_20'!$D:$D) -> 0 | F28: =E28-D28 -> 0 | G28: =J28-K28+N28+O28-P28+Q28-R28-T28+V28+F28-W28+X28-Y28+Z28 -> 0 | N28: 0 | O28: 0 | P28: 0 | Q28: 0 | R28: 0 | T28: 0 | V28: 0 | AA28: A1117 | AB28: 부가세대급금 | AC28: =AA28=B28 -> TRUE
B29: A1119 | C29: 당기법인세자산 | D29: =SUMIF('A-1. 별도FS_19'!$B:$B,CFwp_Korea!B29,'A-1. 별도FS_19'!$D:$D) -> 0 | E29: =SUMIF('A-1. 별도FS_20'!$B:$B,CFwp_Korea!B29,'A-1. 별도FS_20'!$D:$D) -> 0 | F29: =E29-D29 -> 0 | G29: =J29-K29+N29+O29-P29+Q29-R29-T29+V29+F29-W29+X29-Y29+Z29 -> 0 | N29: 0 | O29: 0 | P29: 0 | Q29: 0 | R29: 0 | T29: 0 | V29: 0 | AA29: A1119 | AB29: 당기법인세자산 | AC29: =AA29=B29 -> TRUE
B30: A1118 | C30: 유동성이연법인세자산 | D30: =SUMIF('A-1. 별도FS_19'!$B:$B,CFwp_Korea!B30,'A-1. 별도FS_19'!$D:$D) -> 0 | E30: =SUMIF('A-1. 별도FS_20'!$B:$B,CFwp_Korea!B30,'A-1. 별도FS_20'!$D:$D) -> 0 | F30: =E30-D30 -> 0 | G30: =J30-K30+N30+O30-P30+Q30-R30-T30+V30+F30-W30+X30-Y30+Z30 -> 0 | N30: 0 | O30: 0 | P30: 0 | Q30: 0 | R30: 0 | T30: 0 | V30: 0 | AA30: A1118 | AB30: 유동성이연법인세자산 | AC30: =AA30=B30 -> TRUE
B31: A1121 | C31: 반환재고회수권(계약자산) | D31: =SUMIF('A-1. 별도FS_19'!$B:$B,CFwp_Korea!B31,'A-1. 별도FS_19'!$D:$D) -> 0 | E31: =SUMIF('A-1. 별도FS_20'!$B:$B,CFwp_Korea!B31,'A-1. 별도FS_20'!$D:$D) -> 0 | F31: =E31-D31 -> 0 | G31: =J31-K31+N31+O31-P31+Q31-R31-T31+V31+F31-W31+X31-Y31+Z31 -> 0 | N31: 0 | O31: 0 | P31: 0 | Q31: 0 | R31: 0 | T31: 0 | V31: 0 | AA31: A1121 | AB31: 반환재고회수권(계약자산) | AC31: =AA31=B31 -> TRUE
B32: A1122 | C32: 계약자산 | D32: =SUMIF('A-1. 별도FS_19'!$B:$B,CFwp_Korea!B32,'A-1. 별도FS_19'!$D:$D) -> 0 | E32: =SUMIF('A-1. 별도FS_20'!$B:$B,CFwp_Korea!B32,'A-1. 별도FS_20'!$D:$D) -> 0 | F32: =E32-D32 -> 0 | G32: =J32-K32+N32+O32-P32+Q32-R32-T32+V32+F32-W32+X32-Y32+Z32 -> 0 | N32: 0 | O32: 0 | P32: 0 | Q32: 0 | R32: 0 | T32: 0 | V32: 0 | AA32: A1122 | AB32: 계약자산 | AC32: =AA32=B32 -> TRUE
D33: =SUMIF('A-1. 별도FS_18'!$B:$B,CFwp_Korea!B33,'A-1. 별도FS_18'!$D:$D) -> 0 | E33: =SUMIF('A-1. 별도FS_20'!$B:$B,CFwp_Korea!B33,'A-1. 별도FS_20'!$D:$D) -> 0 | F33: =E33-D33 -> 0 | G33: =J33-K33+N33+O33-P33+Q33-R33-T33+V33+F33-W33+X33-Y33+Z33 -> 0 | N33: 0 | O33: 0 | P33: 0 | Q33: 0 | R33: 0 | T33: 0 | V33: 0 | AC33: =AA33=B33 -> TRUE
C34: 재고자산 | D34: =SUM(D35:D47) -> 7756862850 | E34: =SUM(E35:E47) -> 53046553913 | F34: =E34-D34 -> 45289691063 | G34: =J34-K34+N34+O34-P34+Q34-R34-T34+V34+F34-W34+X34-Y34+Z34 -> 0 | H34: 재고자산평가손실 | I34: 2840492158 | J34: 2840492158 | L34: -48130183221 | N34: -48130183221 | AB34: 재고자산 | AC34: =AA34=B34 -> TRUE
B35: A1201 | C35: 상품 | D35: =SUMIF('A-1. 별도FS_19'!$B:$B,CFwp_Korea!B35,'A-1. 별도FS_19'!$D:$D) -> 545308589 | E35: =SUMIF('A-1. 별도FS_20'!$B:$B,CFwp_Korea!B35,'A-1. 별도FS_20'!$D:$D) -> 1024597346 | O35: 0 | P35: 0 | Q35: 0 | R35: 0 | T35: 0 | V35: 0 | AA35: A1201 | AB35: 상품 | AC35: =AA35=B35 -> TRUE
B36: A1202 | C36: 제품 | D36: =SUMIF('A-1. 별도FS_19'!$B:$B,CFwp_Korea!B36,'A-1. 별도FS_19'!$D:$D) -> 524830179 | E36: =SUMIF('A-1. 별도FS_20'!$B:$B,CFwp_Korea!B36,'A-1. 별도FS_20'!$D:$D) -> 9749294700 | O36: 0 | P36: 0 | Q36: 0 | R36: 0 | T36: 0 | V36: 0 | AA36: A1202 | AB36: 제품 | AC36: =AA36=B36 -> TRUE
B37: A1203 | C37: 제품평가충당금 | D37: =SUMIF('A-1. 별도FS_19'!$B:$B,CFwp_Korea!B37,'A-1. 별도FS_19'!$D:$D) -> 0 | E37: =SUMIF('A-1. 별도FS_20'!$B:$B,CFwp_Korea!B37,'A-1. 별도FS_20'!$D:$D) -> -692503942 | O37: 0 | P37: 0 | Q37: 0 | R37: 0 | T37: 0 | V37: 0 | AA37: A1203 | AB37: 제품평가충당금 | AC37: =AA37=B37 -> TRUE
B38: A1204 | C38: 원재료 | D38: =SUMIF('A-1. 별도FS_19'!$B:$B,CFwp_Korea!B38,'A-1. 별도FS_19'!$D:$D) -> 3077150977 | E38: =SUMIF('A-1. 별도FS_20'!$B:$B,CFwp_Korea!B38,'A-1. 별도FS_20'!$D:$D) -> 17942503420 | O38: 0 | P38: 0 | Q38: 0 | R38: 0 | T38: 0 | V38: 0 | AA38: A1204 | AB38: 원재료 | AC38: =AA38=B38 -> TRUE
B39: A1205 | C39: 원재료평가충당금 | D39: =SUMIF('A-1. 별도FS_19'!$B:$B,CFwp_Korea!B39,'A-1. 별도FS_19'!$D:$D) -> 0 | E39: =SUMIF('A-1. 별도FS_20'!$B:$B,CFwp_Korea!B39,'A-1. 별도FS_20'!$D:$D) -> -840869466 | O39: 0 | P39: 0 | Q39: 0 | R39: 0 | T39: 0 | V39: 0 | AA39: A1205 | AB39: 원재료평가충당금 | AC39: =AA39=B39 -> TRUE
B40: A1206 | C40: 부재료 | D40: =SUMIF('A-1. 별도FS_19'!$B:$B,CFwp_Korea!B40,'A-1. 별도FS_19'!$D:$D) -> 920887954 | E40: =SUMIF('A-1. 별도FS_20'!$B:$B,CFwp_Korea!B40,'A-1. 별도FS_20'!$D:$D) -> 8982567553 | O40: 0 | P40: 0 | Q40: 0 | R40: 0 | T40: 0 | V40: 0 | AA40: A1206 | AB40: 부재료 | AC40: =AA40=B40 -> TRUE
B41: A1207 | C41: 재공품 | D41: =SUMIF('A-1. 별도FS_19'!$B:$B,CFwp_Korea!B41,'A-1. 별도FS_19'!$D:$D) -> 2682244471 | E41: =SUMIF('A-1. 별도FS_20'!$B:$B,CFwp_Korea!B41,'A-1. 별도FS_20'!$D:$D) -> 17547814739 | O41: 0 | P41: 0 | Q41: 0 | R41: 0 | T41: 0 | V41: 0 | AA41: A1207 | AB41: 재공품 | AC41: =AA41=B41 -> TRUE
B42: A1208 | C42: 재공품평가충당금 | D42: =SUMIF('A-1. 별도FS_19'!$B:$B,CFwp_Korea!B42,'A-1. 별도FS_19'!$D:$D) -> 0 | E42: =SUMIF('A-1. 별도FS_20'!$B:$B,CFwp_Korea!B42,'A-1. 별도FS_20'!$D:$D) -> -1033566288 | O42: 0 | P42: 0 | Q42: 0 | R42: 0 | T42: 0 | V42: 0 | AA42: A1208 | AB42: 재공품평가충당금 | AC42: =AA42=B42 -> TRUE
B43: A1209 | C43: 반제품 | D43: =SUMIF('A-1. 별도FS_19'!$B:$B,CFwp_Korea!B43,'A-1. 별도FS_19'!$D:$D) -> 0 | E43: =SUMIF('A-1. 별도FS_20'!$B:$B,CFwp_Korea!B43,'A-1. 별도FS_20'!$D:$D) -> 0 | O43: 0 | P43: 0 | Q43: 0 | R43: 0 | T43: 0 | V43: 0 | AA43: A1209 | AB43: 반제품 | AC43: =AA43=B43 -> TRUE
B44: A1210 | C44: 반제품평가충당금 | D44: =SUMIF('A-1. 별도FS_19'!$B:$B,CFwp_Korea!B44,'A-1. 별도FS_19'!$D:$D) -> 0 | E44: =SUMIF('A-1. 별도FS_20'!$B:$B,CFwp_Korea!B44,'A-1. 별도FS_20'!$D:$D) -> 0 | O44: 0 | P44: 0 | Q44: 0 | R44: 0 | T44: 0 | V44: 0 | AA44: A1210 | AB44: 반제품평가충당금 | AC44: =AA44=B44 -> TRUE
B45: A1211 | C45: 미착품 | D45: =SUMIF('A-1. 별도FS_19'!$B:$B,CFwp_Korea!B45,'A-1. 별도FS_19'!$D:$D) -> 6440680 | E45: =SUMIF('A-1. 별도FS_20'!$B:$B,CFwp_Korea!B45,'A-1. 별도FS_20'!$D:$D) -> 366715851 | O45: 0 | P45: 0 | Q45: 0 | R45: 0 | T45: 0 | V45: 0 | AA45: A1211 | AB45: 미착품 | AC45: =AA45=B45 -> TRUE
O46: 0 | P46: 0 | Q46: 0 | R46: 0 | T46: 0 | V46: 0 | AC46: =AA46=B46 -> TRUE
O47: 0 | P47: 0 | Q47: 0 | R47: 0 | T47: 0 | V47: 0 | AC47: =AA47=B47 -> TRUE
C48: 비유동자산 | D48: =D49+D59+D82+D90 -> 107600242493 | E48: =E49+E59+E82+E90 -> 1.3993539e+11 | AB48: 비유동자산 | AC48: =AA48=B48 -> TRUE
C49: 투자자산 | D49: =SUM(D50:D57) -> 83684901586 | E49: =SUM(E50:E57) -> 8.963649e+10 | AB49: 투자자산 | AC49: =AA49=B49 -> TRUE
B50: A2103 | C50: 장기대여금 | D50: =SUMIF('A-1. 별도FS_19'!$B:$B,CFwp_Korea!B50,'A-1. 별도FS_19'!$D:$D) -> 0 | E50: =SUMIF('A-1. 별도FS_20'!$B:$B,CFwp_Korea!B50,'A-1. 별도FS_20'!$D:$D) -> 0 | F50: =E50-D50 -> 0 | G50: =J50-K50+N50+O50-P50+Q50-R50-T50+V50+F50-W50+X50-Y50+Z50 -> 0 | N50: 0 | O50: 0 | P50: 0 | Q50: 0 | R50: 0 | T50: 0 | V50: 0 | AA50: A2103 | AB50: 장기대여금 | AC50: =AA50=B50 -> TRUE
B51: A2103-1 | C51: 현재가치할인차금-장기대여금 | D51: =SUMIF('A-1. 별도FS_19'!$B:$B,CFwp_Korea!B51,'A-1. 별도FS_19'!$D:$D) -> 0 | E51: =SUMIF('A-1. 별도FS_20'!$B:$B,CFwp_Korea!B51,'A-1. 별도FS_20'!$D:$D) -> 0 | F51: =E51-D51 -> 0 | G51: =J51-K51+N51+O51-P51+Q51-R51-T51+V51+F51-W51+X51-Y51+Z51 -> 0 | H51: 이자수익(금융) | K51: 0 | O51: 0 | P51: 0 | AA51: A2103-1 | AB51: 현재가치할인차금-장기대여금 | AC51: =AA51=B51 -> TRUE
B52: A2104 | C52: 장기매도가능증권 | D52: =SUMIF('A-1. 별도FS_19'!$B:$B,CFwp_Korea!B52,'A-1. 별도FS_19'!$D:$D) -> 0 | E52: =SUMIF('A-1. 별도FS_20'!$B:$B,CFwp_Korea!B52,'A-1. 별도FS_20'!$D:$D) -> 0 | F52: =E52-D52 -> 0 | G52: =J52-K52+N52+O52-P52+Q52-R52-T52+V52+F52-W52+X52-Y52+Z52 -> 0 | O52: 0 | P52: 0 | Q52: 0 | R52: 0 | T52: 0 | V52: 0 | AA52: A2104 | AB52: 장기매도가능증권 | AC52: =AA52=B52 -> TRUE
B53: A2102 | C53: 당기손익-공정가치금융자산(비유동) | D53: =SUMIF('A-1. 별도FS_19'!$B:$B,CFwp_Korea!B53,'A-1. 별도FS_19'!$D:$D) -> 1059412860 | E53: =SUMIF('A-1. 별도FS_20'!$B:$B,CFwp_Korea!B53,'A-1. 별도FS_20'!$D:$D) -> 5.0476224e+09 | F53: =E53-D53 -> 3.9882095e+09 | G53: =J53-K53+N53+O53-P53+Q53-R53-T53+V53+F53-W53+X53-Y53+Z53 -> 1.4305115e-06 | H53: 금융자산평가이익 | I53: 5.0780154e+08 | K53: 5.0780154e+08 | O53: 0 | P53: 3480408000 | T53: 0 | V53: 0 | AA53: A2102 | AB53: 당기손익-공정가치금융자산(비유동) | AC53: =AA53=B53 -> TRUE
D54: =SUMIF('A-1. 별도FS_19'!$B:$B,CFwp_Korea!B54,'A-1. 별도FS_19'!$D:$D) -> 0 | E54: =SUMIF('A-1. 별도FS_20'!$B:$B,CFwp_Korea!B54,'A-1. 별도FS_20'!$D:$D) -> 0 | G54: =J54-K54+N54+O54-P54+Q54-R54-T54+V54+F54-W54+X54-Y54+Z54 -> 0 | AC54: =AA54=B54 -> TRUE
B55: A2106 | C55: 종속기업투자 | D55: =SUMIF('A-1. 별도FS_19'!$B:$B,CFwp_Korea!B55,'A-1. 별도FS_19'!$D:$D) -> 1179726013 | E55: =SUMIF('A-1. 별도FS_20'!$B:$B,CFwp_Korea!B55,'A-1. 별도FS_20'!$D:$D) -> 1725826013 | F55: =E55-D55 -> 546100000 | G55: =J55-K55+N55+O55-P55+Q55-R55-T55+V55+F55-W55+X55-Y55+Z55 -> 0 | K55: 0 | N55: 0 | O55: 0 | P55: 546100000 | Q55: 0 | R55: 0 | T55: 0 | V55: 0 | AA55: A2106 | AB55: 종속기업투자 | AC55: =AA55=B55 -> TRUE
D56: =SUMIF('A-1. 별도FS_19'!$B:$B,CFwp_Korea!B56,'A-1. 별도FS_19'!$D:$D) -> 0 | E56: =SUMIF('A-1. 별도FS_20'!$B:$B,CFwp_Korea!B56,'A-1. 별도FS_20'!$D:$D) -> 0 | G56: =J56-K56+N56+O56-P56+Q56-R56-T56+V56+F56-W56+X56-Y56+Z56 -> 0 | AC56: =AA56=B56 -> TRUE
B57: A2107 | C57: 관계기업투자 | D57: =SUMIF('A-1. 별도FS_19'!$B:$B,CFwp_Korea!B57,'A-1. 별도FS_19'!$D:$D) -> 81445762713 | E57: =SUMIF('A-1. 별도FS_20'!$B:$B,CFwp_Korea!B57,'A-1. 별도FS_20'!$D:$D) -> 82863041989 | F57: =E57-D57 -> 1417279276 | G57: =J57-K57+N57+O57-P57+Q57-R57-T57+V57+F57-W57+X57-Y57+Z57 -> 0 | K57: 0 | N57: 0 | O57: 0 | P57: 1417279276 | Q57: 0 | R57: 0 | T57: 0 | V57: 0 | AA57: A2107 | AB57: 관계기업투자 | AC57: =AA57=B57 -> TRUE
G58: =J58-K58+N58+O58-P58+Q58-R58-T58+V58+F58-W58+X58-Y58+Z58 -> 0 | AC58: =AA58=B58 -> TRUE
C59: 유형자산 | D59: =SUM(D60:D80) -> 23568001502 | E59: =SUM(E60:E80) -> 49647312159 | AB59: 유형자산 | AC59: =AA59=B59 -> TRUE
B60: A2201 | C60: 토지 | D60: =SUMIF('A-1. 별도FS_19'!$B:$B,CFwp_Korea!B60,'A-1. 별도FS_19'!$D:$D) -> 10242504190 | E60: =SUMIF('A-1. 별도FS_20'!$B:$B,CFwp_Korea!B60,'A-1. 별도FS_20'!$D:$D) -> 14540910314 | F60: =E60-D60 -> 4298406124 | G60: =J60-K60+N60+O60-P60+Q60-R60-T60+V60+F60-W60+X60-Y60+Z60 -> 0 | N60: 0 | O60: 0 | P60: 4298406124 | Q60: 0 | R60: 0 | S60: 본계정대체 | T60: 0 | V60: 0 | AA60: A2201 | AB60: 토지 | AC60: =AA60=B60 -> TRUE
B61: A2202 | C61: 건물 | D61: =SUMIF('A-1. 별도FS_19'!$B:$B,CFwp_Korea!B61,'A-1. 별도FS_19'!$D:$D) -> 10031774698 | E61: =SUMIF('A-1. 별도FS_20'!$B:$B,CFwp_Korea!B61,'A-1. 별도FS_20'!$D:$D) -> 19217775430 | F61: =E61-D61 -> 9186000732 | G61: =J61-K61+N61+O61-P61+Q61-R61-T61+V61+F61-W61+X61-Y61+Z61 -> 0 | N61: 0 | O61: 0 | P61: 9181000732 | Q61: 0 | R61: 0 | T61: 5000000 | V61: 0 | AA61: A2202 | AB61: 건물 | AC61: =AA61=B61 -> TRUE
B62: A2202-1 | C62: 감가상각누계액-건물 | D62: =SUMIF('A-1. 별도FS_19'!$B:$B,CFwp_Korea!B62,'A-1. 별도FS_19'!$D:$D) -> -1432627018 | E62: =SUMIF('A-1. 별도FS_20'!$B:$B,CFwp_Korea!B62,'A-1. 별도FS_20'!$D:$D) -> -1727592015 | F62: =E62-D62 -> -294964997 | G62: =J62-K62+N62+O62-P62+Q62-R62-T62+V62+F62-W62+X62-Y62+Z62 -> 0 | H62: 감가상각비 | I62: 294964997 | J62: 294964997 | N62: 0 | O62: 0 | P62: 0 | Q62: 0 | R62: 0 | T62: 0 | V62: 0 | AA62: A2202-1 | AB62: 감가상각누계액-건물 | AC62: =AA62=B62 -> TRUE
B63: A2203 | C63: 구축물 | D63: =SUMIF('A-1. 별도FS_19'!$B:$B,CFwp_Korea!B63,'A-1. 별도FS_19'!$D:$D) -> 22700000 | E63: =SUMIF('A-1. 별도FS_20'!$B:$B,CFwp_Korea!B63,'A-1. 별도FS_20'!$D:$D) -> 257700000 | F63: =E63-D63 -> 235000000 | G63: =J63-K63+N63+O63-P63+Q63-R63-T63+V63+F63-W63+X63-Y63+Z63 -> 0 | N63: 0 | O63: 0 | P63: 235000000 | Q63: 0 | R63: 0 | T63: 0 | V63: 0 | AA63: A2203 | AB63: 구축물 | AC63: =AA63=B63 -> TRUE
B64: A2203-1 | C64: 감가상각누계액-구축물 | D64: =SUMIF('A-1. 별도FS_19'!$B:$B,CFwp_Korea!B64,'A-1. 별도FS_19'!$D:$D) -> -3171875 | E64: =SUMIF('A-1. 별도FS_20'!$B:$B,CFwp_Korea!B64,'A-1. 별도FS_20'!$D:$D) -> -4353959 | F64: =E64-D64 -> -1182084 | G64: =J64-K64+N64+O64-P64+Q64-R64-T64+V64+F64-W64+X64-Y64+Z64 -> 0 | H64: 감가상각비 | I64: 1182084 | J64: 1182084 | N64: 0 | O64: 0 | P64: 0 | Q64: 0 | R64: 0 | T64: 0 | V64: 0 | AA64: A2203-1 | AB64: 감가상각누계액-구축물 | AC64: =AA64=B64 -> TRUE
B65: A2204 | C65: 기계장치 | D65: =SUMIF('A-1. 별도FS_19'!$B:$B,CFwp_Korea!B65,'A-1. 별도FS_19'!$D:$D) -> 6503637671 | E65: =SUMIF('A-1. 별도FS_20'!$B:$B,CFwp_Korea!B65,'A-1. 별도FS_20'!$D:$D) -> 15320979207 | F65: =E65-D65 -> 8817341536 | G65: =J65-K65+N65+O65-P65+Q65-R65-T65+V65+F65-W65+X65-Y65+Z65 -> 0 | H65: 유형자산처분이익 | I65: 139173 | J65: 7360639 | K65: 139173 | N65: 0 | O65: 77350732 | P65: 8369023683 | Q65: 0 | R65: 0 | T65: 679092920 | V65: 146202869 | AA65: A2204 | AB65: 기계장치 | AC65: =AA65=B65 -> TRUE
D66: =SUMIF('A-1. 별도FS_19'!$B:$B,CFwp_Korea!B66,'A-1. 별도FS_19'!$D:$D) -> 0 | E66: =SUMIF('A-1. 별도FS_20'!$B:$B,CFwp_Korea!B66,'A-1. 별도FS_20'!$D:$D) -> 0 | G66: =J66-K66+N66+O66-P66+Q66-R66-T66+V66+F66-W66+X66-Y66+Z66 -> 0 | H66: 유형자산처분손실 | I66: 7360639 | N66: 0 | O66: 0 | P66: 0 | Q66: 0 | R66: 0 | T66: 0 | V66: 0 | AC66: =AA66=B66 -> TRUE
B67: A2204-1 | C67: 감가상각누계액-기계장치 | D67: =SUMIF('A-1. 별도FS_19'!$B:$B,CFwp_Korea!B67,'A-1. 별도FS_19'!$D:$D) -> -3140202769 | E67: =SUMIF('A-1. 별도FS_20'!$B:$B,CFwp_Korea!B67,'A-1. 별도FS_20'!$D:$D) -> -3981680038 | F67: =E67-D67 -> -841477269 | G67: =J67-K67+N67+O67-P67+Q67-R67-T67+V67+F67-W67+X67-Y67+Z67 -> 0 | H67: 감가상각비 | I67: 987680138 | J67: 987680138 | N67: 0 | O67: 0 | P67: 0 | Q67: 0 | R67: 0 | T67: 146202869 | V67: 0 | AA67: A2204-1 | AB67: 감가상각누계액-기계장치 | AC67: =AA67=B67 -> TRUE
B68: A2204-2 | C68: 손상차손누계액-기계장치 | D68: =SUMIF('A-1. 별도FS_19'!$B:$B,CFwp_Korea!B68,'A-1. 별도FS_19'!$D:$D) -> 0 | E68: =SUMIF('A-1. 별도FS_20'!$B:$B,CFwp_Korea!B68,'A-1. 별도FS_20'!$D:$D) -> 0 | F68: =E68-D68 -> 0 | G68: =J68-K68+N68+O68-P68+Q68-R68-T68+V68+F68-W68+X68-Y68+Z68 -> 0 | N68: 0 | O68: 0 | P68: 0 | Q68: 0 | R68: 0 | T68: 0 | V68: 0 | AA68: A2204-2 | AB68: 손상차손누계액-기계장치 | AC68: =AA68=B68 -> TRUE
B69: A2205 | C69: 차량운반구 | D69: =SUMIF('A-1. 별도FS_19'!$B:$B,CFwp_Korea!B69,'A-1. 별도FS_19'!$D:$D) -> 34420100 | E69: =SUMIF('A-1. 별도FS_20'!$B:$B,CFwp_Korea!B69,'A-1. 별도FS_20'!$D:$D) -> 125824402 | F69: =E69-D69 -> 91404302 | G69: =J69-K69+N69+O69-P69+Q69-R69-T69+V69+F69-W69+X69-Y69+Z69 -> 0 | H69: 유형자산처분이익 | I69: 727273 | K69: 727273 | N69: 0 | O69: 727273 | P69: 102869302 | Q69: 0 | R69: 0 | T69: 0 | V69: 11465000 | AA69: A2205 | AB69: 차량운반구 | AC69: =AA69=B69 -> TRUE
B70: A2205-1 | C70: 감가상각누계액-차량운반구 | D70: =SUMIF('A-1. 별도FS_19'!$B:$B,CFwp_Korea!B70,'A-1. 별도FS_19'!$D:$D) -> -28363302 | E70: =SUMIF('A-1. 별도FS_20'!$B:$B,CFwp_Korea!B70,'A-1. 별도FS_20'!$D:$D) -> -24557355 | F70: =E70-D70 -> 3805947 | G70: =J70-K70+N70+O70-P70+Q70-R70-T70+V70+F70-W70+X70-Y70+Z70 -> 0 | H70: 감가상각비 | I70: 7659053 | J70: 7659053 | N70: 0 | O70: 0 | P70: 0 | Q70: 0 | R70: 0 | T70: 11465000 | V70: 0 | AA70: A2205-1 | AB70: 감가상각누계액-차량운반구 | AC70: =AA70=B70 -> TRUE
B71: A2206 | C71: 공구와기구 | D71: =SUMIF('A-1. 별도FS_19'!$B:$B,CFwp_Korea!B71,'A-1. 별도FS_19'!$D:$D) -> 201435000 | E71: =SUMIF('A-1. 별도FS_20'!$B:$B,CFwp_Korea!B71,'A-1. 별도FS_20'!$D:$D) -> 211935000 | F71: =E71-D71 -> 10500000 | G71: =J71-K71+N71+O71-P71+Q71-R71-T71+V71+F71-W71+X71-Y71+Z71 -> 0 | N71: 0 | O71: 0 | P71: 5250000 | Q71: 0 | R71: 0 | T71: 5250000 | V71: 0 | AA71: A2206 | AB71: 공구와기구 | AC71: =AA71=B71 -> TRUE
B72: A2206-1 | C72: 감가상각누계액-공구와기구 | D72: =SUMIF('A-1. 별도FS_19'!$B:$B,CFwp_Korea!B72,'A-1. 별도FS_19'!$D:$D) -> -151462155 | E72: =SUMIF('A-1. 별도FS_20'!$B:$B,CFwp_Korea!B72,'A-1. 별도FS_20'!$D:$D) -> -171495917 | F72: =E72-D72 -> -20033762 | G72: =J72-K72+N72+O72-P72+Q72-R72-T72+V72+F72-W72+X72-Y72+Z72 -> 0 | H72: 감가상각비 | I72: 20033762 | J72: 20033762 | N72: 0 | O72: 0 | P72: 0 | Q72: 0 | R72: 0 | T72: 0 | V72: 0 | AA72: A2206-1 | AB72: 감가상각누계액-공구와기구 | AC72: =AA72=B72 -> TRUE
B73: A2206-2 | C73: 손상차손누계액-공구와기구 | D73: =SUMIF('A-1. 별도FS_19'!$B:$B,CFwp_Korea!B73,'A-1. 별도FS_19'!$D:$D) -> 0 | E73: =SUMIF('A-1. 별도FS_20'!$B:$B,CFwp_Korea!B73,'A-1. 별도FS_20'!$D:$D) -> 0 | F73: =E73-D73 -> 0 | G73: =J73-K73+N73+O73-P73+Q73-R73-T73+V73+F73-W73+X73-Y73+Z73 -> 0 | N73: 0 | O73: 0 | P73: 0 | Q73: 0 | R73: 0 | T73: 0 | V73: 0 | AA73: A2206-2 | AB73: 손상차손누계액-공구와기구 | AC73: =AA73=B73 -> TRUE
B74: A2207 | C74: 비품 | D74: =SUMIF('A-1. 별도FS_19'!$B:$B,CFwp_Korea!B74,'A-1. 별도FS_19'!$D:$D) -> 1257299040 | E74: =SUMIF('A-1. 별도FS_20'!$B:$B,CFwp_Korea!B74,'A-1. 별도FS_20'!$D:$D) -> 1766093306 | F74: =E74-D74 -> 508794266 | G74: =J74-K74+N74+O74-P74+Q74-R74-T74+V74+F74-W74+X74-Y74+Z74 -> 0 | H74: 유형자산처분손실 | I74: 4950000 | J74: 4950000 | O74: 0 | P74: 541794266 | Q74: 0 | R74: 0 | T74: 0 | V74: 28050000 | AA74: A2207 | AB74: 비품 | AC74: =AA74=B74 -> TRUE
B75: A2207-1 | C75: 감가상각누계액-비품 | D75: =SUMIF('A-1. 별도FS_19'!$B:$B,CFwp_Korea!B75,'A-1. 별도FS_19'!$D:$D) -> -906493640 | E75: =SUMIF('A-1. 별도FS_20'!$B:$B,CFwp_Korea!B75,'A-1. 별도FS_20'!$D:$D) -> -1064337579 | F75: =E75-D75 -> -157843939 | G75: =J75-K75+N75+O75-P75+Q75-R75-T75+V75+F75-W75+X75-Y75+Z75 -> 0 | H75: 감가상각비 | I75: 185893939 | J75: 185893939 | O75: 0 | P75: 0 | Q75: 0 | R75: 0 | T75: 28050000 | V75: 0 | AA75: A2207-1 | AB75: 감가상각누계액-비품 | AC75: =AA75=B75 -> TRUE
B76: A2208 | C76: 건설중인자산 | D76: =SUMIF('A-1. 별도FS_19'!$B:$B,CFwp_Korea!B76,'A-1. 별도FS_19'!$D:$D) -> 346550000 | E76: =SUMIF('A-1. 별도FS_20'!$B:$B,CFwp_Korea!B76,'A-1. 별도FS_20'!$D:$D) -> 4219307334 | F76: =E76-D76 -> 3872757334 | G76: =J76-K76+N76+O76-P76+Q76-R76-T76+V76+F76-W76+X76-Y76+Z76 -> 0 | O76: 0 | P76: 3604459078 | Q76: 0 | R76: 0 | T76: 614848256 | V76: 346550000 | AA76: A2208 | AB76: 건설중인자산 | AC76: =AA76=B76 -> TRUE
B77: A2209 | C77: 시설장치 | D77: =SUMIF('A-1. 별도FS_19'!$B:$B,CFwp_Korea!B77,'A-1. 별도FS_19'!$D:$D) -> 1687253723 | E77: =SUMIF('A-1. 별도FS_20'!$B:$B,CFwp_Korea!B77,'A-1. 별도FS_20'!$D:$D) -> 2038676723 | F77: =E77-D77 -> 351423000 | G77: =J77-K77+N77+O77-P77+Q77-R77-T77+V77+F77-W77+X77-Y77+Z77 -> 0 | O77: 0 | P77: 351423000 | Q77: 0 | R77: 0 | T77: 0 | V77: 0 | AA77: A2209 | AB77: 시설장치 | AC77: =AA77=B77 -> TRUE
B78: A2209-1 | C78: 감가상각누계액-시설장치 | D78: =SUMIF('A-1. 별도FS_19'!$B:$B,CFwp_Korea!B78,'A-1. 별도FS_19'!$D:$D) -> -1187465138 | E78: =SUMIF('A-1. 별도FS_20'!$B:$B,CFwp_Korea!B78,'A-1. 별도FS_20'!$D:$D) -> -1418011609 | F78: =E78-D78 -> -230546471 | G78: =J78-K78+N78+O78-P78+Q78-R78-T78+V78+F78-W78+X78-Y78+Z78 -> 0 | H78: 감가상각비 | I78: 230546471 | J78: 230546471 | O78: 0 | P78: 0 | Q78: 0 | R78: 0 | T78: 0 | V78: 0 | AA78: A2209-1 | AB78: 감가상각누계액-시설장치 | AC78: =AA78=B78 -> TRUE
B79: A2211 | C79: 사용권자산 | D79: =SUMIF('A-1. 별도FS_19'!$B:$B,CFwp_Korea!B79,'A-1. 별도FS_19'!$D:$D) -> 132069996 | E79: =SUMIF('A-1. 별도FS_20'!$B:$B,CFwp_Korea!B79,'A-1. 별도FS_20'!$D:$D) -> 458164559 | F79: =E79-D79 -> 326094563 | G79: =J79-K79+N79+O79-P79+Q79-R79-T79+V79+F79-W79+X79-Y79+Z79 -> 0 | H79: 감가상각비 | O79: 0 | P79: 0 | Q79: 0 | R79: 0 | T79: 326094563 | V79: 0 | AA79: A2211 | AB79: 사용권자산 | AC79: =AA79=B79 -> TRUE
B80: A2211-1 | C80: 사용권자산-감가상각누계액 | D80: =SUMIF('A-1. 별도FS_19'!$B:$B,CFwp_Korea!B80,'A-1. 별도FS_19'!$D:$D) -> -41857019 | E80: =SUMIF('A-1. 별도FS_20'!$B:$B,CFwp_Korea!B80,'A-1. 별도FS_20'!$D:$D) -> -118025644 | F80: =E80-D80 -> -76168625 | G80: =J80-K80+N80+O80-P80+Q80-R80-T80+V80+F80-W80+X80-Y80+Z80 -> 0 | H80: 감가상각비 | I80: 76168625 | J80: 76168625 | O80: 0 | P80: 0 | Q80: 0 | R80: 0 | T80: 0 | V80: 0 | AA80: A2211-1 | AB80: 사용권자산-감가상각누계액 | AC80: =AA80=B80 -> TRUE
G81: =J81-K81+N81+O81-P81+Q81-R81-T81+V81+F81-W81+X81-Y81+Z81 -> 0 | AC81: =AA81=B81 -> TRUE
C82: 무형자산 | D82: =SUM(D83:D89) -> 304889405 | E82: =SUM(E83:E89) -> 250089092 | AB82: 무형자산 | AC82: =AA82=B82 -> TRUE
B83: A2301 | C83: 영업권 | D83: =SUMIF('A-1. 별도FS_19'!$B:$B,CFwp_Korea!B83,'A-1. 별도FS_19'!$D:$D) -> 0 | E83: =SUMIF('A-1. 별도FS_20'!$B:$B,CFwp_Korea!B83,'A-1. 별도FS_20'!$D:$D) -> 0 | F83: =E83-D83 -> 0 | G83: =J83-K83+N83+O83-P83+Q83-R83-T83+V83+F83-W83+X83-Y83+Z83 -> 0 | O83: 0 | P83: 0 | Q83: 0 | R83: 0 | T83: 0 | V83: 0 | AA83: A2301 | AB83: 영업권 | AC83: =AA83=B83 -> TRUE
B84: A2302 | C84: 소프트웨어 | D84: =SUMIF('A-1. 별도FS_19'!$B:$B,CFwp_Korea!B84,'A-1. 별도FS_19'!$D:$D) -> 120423562 | E84: =SUMIF('A-1. 별도FS_20'!$B:$B,CFwp_Korea!B84,'A-1. 별도FS_20'!$D:$D) -> 144014402 | F84: =E84-D84 -> 23590840 | G84: =J84-K84+N84+O84-P84+Q84-R84-T84+V84+F84-W84+X84-Y84+Z84 -> 0 | O84: 0 | P84: 23590840 | Q84: 0 | R84: 0 | T84: 0 | V84: 0 | AA84: A2302 | AB84: 소프트웨어 | AC84: =AA84=B84 -> TRUE
B85: A2302-1 | C85: 상각누계액-소프트웨어 | D85: =SUMIF('A-1. 별도FS_19'!$B:$B,CFwp_Korea!B85,'A-1. 별도FS_19'!$D:$D) -> -104068596 | E85: =SUMIF('A-1. 별도FS_20'!$B:$B,CFwp_Korea!B85,'A-1. 별도FS_20'!$D:$D) -> -111469829 | F85: =E85-D85 -> -7401233 | G85: =J85-K85+N85+O85-P85+Q85-R85-T85+V85+F85-W85+X85-Y85+Z85 -> 0 | H85: 무형자산상각비 | I85: 7401233 | J85: 7401233 | AA85: A2302-1 | AB85: 상각누계액-소프트웨어 | AC85: =AA85=B85 -> TRUE
B86: A2303 | C86: 산업재산권 | D86: =SUMIF('A-1. 별도FS_19'!$B:$B,CFwp_Korea!B86,'A-1. 별도FS_19'!$D:$D) -> 455258699 | E86: =SUMIF('A-1. 별도FS_20'!$B:$B,CFwp_Korea!B86,'A-1. 별도FS_20'!$D:$D) -> 455258699 | F86: =E86-D86 -> 0 | G86: =J86-K86+N86+O86-P86+Q86-R86-T86+V86+F86-W86+X86-Y86+Z86 -> 0 | O86: 0 | P86: 0 | Q86: 0 | R86: 0 | T86: 0 | V86: 0 | AA86: A2303 | AB86: 산업재산권 | AC86: =AA86=B86 -> TRUE
B87: A2303-1 | C87: 상각누계액-산업재산권 | D87: =SUMIF('A-1. 별도FS_19'!$B:$B,CFwp_Korea!B87,'A-1. 별도FS_19'!$D:$D) -> -339194260 | E87: =SUMIF('A-1. 별도FS_20'!$B:$B,CFwp_Korea!B87,'A-1. 별도FS_20'!$D:$D) -> -410184180 | F87: =E87-D87 -> -70989920 | G87: =J87-K87+N87+O87-P87+Q87-R87-T87+V87+F87-W87+X87-Y87+Z87 -> 0 | H87: 무형자산상각비 | I87: 70989920 | J87: 70989920 | AA87: A2303-1 | AB87: 상각누계액-산업재산권 | AC87: =AA87=B87 -> TRUE
B88: A2304 | C88: 회원권(골프회원권 등) | D88: =SUMIF('A-1. 별도FS_19'!$B:$B,CFwp_Korea!B88,'A-1. 별도FS_19'!$D:$D) -> 172470000 | E88: =SUMIF('A-1. 별도FS_20'!$B:$B,CFwp_Korea!B88,'A-1. 별도FS_20'!$D:$D) -> 172470000 | F88: =E88-D88 -> 0 | G88: =J88-K88+N88+O88-P88+Q88-R88-T88+V88+F88-W88+X88-Y88+Z88 -> 0 | O88: 0 | P88: 0 | Q88: 0 | R88: 0 | T88: 0 | V88: 0 | AA88: A2304 | AB88: 회원권(골프회원권 등) | AC88: =AA88=B88 -> TRUE
B89: A2305 | C89: 토지이용권 | D89: =SUMIF('A-1. 별도FS_19'!$B:$B,CFwp_Korea!B89,'A-1. 별도FS_19'!$D:$D) -> 0 | E89: =SUMIF('A-1. 별도FS_20'!$B:$B,CFwp_Korea!B89,'A-1. 별도FS_20'!$D:$D) -> 0 | F89: =E89-D89 -> 0 | G89: =J89-K89+N89+O89-P89+Q89-R89-T89+V89+F89-W89+X89-Y89+Z89 -> 0 | O89: 0 | P89: 0 | Q89: 0 | R89: 0 | T89: 0 | V89: 0 | AA89: A2305 | AB89: 토지이용권 | AC89: =AA89=B89 -> TRUE
C90: 기타비유동자산 | D90: =SUM(D91:D99) -> 42450000 | E90: =SUM(E91:E99) -> 401494000 | AB90: 기타비유동자산 | AC90: =AA90=B90 -> TRUE
B91: A2401 | C91: 이연법인세자산 | D91: =SUMIF('A-1. 별도FS_19'!$B:$B,CFwp_Korea!B91,'A-1. 별도FS_19'!$D:$D) -> 0 | E91: =SUMIF('A-1. 별도FS_20'!$B:$B,CFwp_Korea!B91,'A-1. 별도FS_20'!$D:$D) -> 0 | F91: =E91-D91 -> 0 | G91: =J91-K91+N91+O91-P91+Q91-R91-T91+V91+F91-W91+X91-Y91+Z91 -> 0 | H91: 법인세비용 | J91: 0 | N91: 0 | O91: 0 | P91: 0 | Q91: 0 | R91: 0 | T91: 0 | V91: 0 | AA91: A2401 | AB91: 이연법인세자산 | AC91: =AA91=B91 -> TRUE
B92: A2406 | C92: 비유동매출채권 | D92: =SUMIF('A-1. 별도FS_19'!$B:$B,CFwp_Korea!B92,'A-1. 별도FS_19'!$D:$D) -> 0 | E92: =SUMIF('A-1. 별도FS_20'!$B:$B,CFwp_Korea!B92,'A-1. 별도FS_20'!$D:$D) -> 0 | F92: =E92-D92 -> 0 | G92: =J92-K92+N92+O92-P92+Q92-R92-T92+V92+F92-W92+X92-Y92+Z92 -> 0 | N92: 0 | O92: 0 | P92: 0 | Q92: 0 | R92: 0 | T92: 0 | V92: 0 | AA92: A2406 | AB92: 비유동매출채권 | AC92: =AA92=B92 -> TRUE
B93: A2406C | C93: 비유동매출채권/Intercompany | D93: =SUMIF('A-1. 별도FS_19'!$B:$B,CFwp_Korea!B93,'A-1. 별도FS_19'!$D:$D) -> 0 | E93: =SUMIF('A-1. 별도FS_20'!$B:$B,CFwp_Korea!B93,'A-1. 별도FS_20'!$D:$D) -> 0 | F93: =E93-D93 -> 0 | G93: =J93-K93+N93+O93-P93+Q93-R93-T93+V93+F93-W93+X93-Y93+Z93 -> 0 | O93: 0 | P93: 0 | Q93: 0 | R93: 0 | T93: 0 | V93: 0 | AA93: A2406C | AB93: 비유동매출채권/Intercompany | AC93: =AA93=B93 -> TRUE
B94: A2406-1 | C94: 현재가치할인차금(비유동)-비유동외상매출금 | D94: =SUMIF('A-1. 별도FS_19'!$B:$B,CFwp_Korea!B94,'A-1. 별도FS_19'!$D:$D) -> 0 | E94: =SUMIF('A-1. 별도FS_20'!$B:$B,CFwp_Korea!B94,'A-1. 별도FS_20'!$D:$D) -> 0 | F94: =E94-D94 -> 0 | G94: =J94-K94+N94+O94-P94+Q94-R94-T94+V94+F94-W94+X94-Y94+Z94 -> 0 | H94: 이자수익(금융) | K94: 0 | O94: 0 | P94: 0 | Q94: 0 | R94: 0 | T94: 0 | V94: 0 | AA94: A2406-1 | AB94: 현재가치할인차금(비유동)-비유동외상매출금 | AC94: =AA94=B94 -> TRUE
B95: A2406-2 | C95: 대손충당금-비유동매출채권 | D95: =SUMIF('A-1. 별도FS_19'!$B:$B,CFwp_Korea!B95,'A-1. 별도FS_19'!$D:$D) -> 0 | E95: =SUMIF('A-1. 별도FS_20'!$B:$B,CFwp_Korea!B95,'A-1. 별도FS_20'!$D:$D) -> 0 | F95: =E95-D95 -> 0 | G95: =J95-K95+N95+O95-P95+Q95-R95-T95+V95+F95-W95+X95-Y95+Z95 -> 0 | H95: 대손상각비 | J95: 0 | O95: 0 | P95: 0 | Q95: 0 | R95: 0 | T95: 0 | V95: 0 | AA95: A2406-2 | AB95: 대손충당금-비유동매출채권 | AC95: =AA95=B95 -> TRUE
B96: A2402 | C96: 임차보증금 | D96: =SUMIF('A-1. 별도FS_19'!$B:$B,CFwp_Korea!B96,'A-1. 별도FS_19'!$D:$D) -> 0 | E96: =SUMIF('A-1. 별도FS_20'!$B:$B,CFwp_Korea!B96,'A-1. 별도FS_20'!$D:$D) -> 359044000 | F96: =E96-D96 -> 359044000 | G96: =J96-K96+N96+O96-P96+Q96-R96-T96+V96+F96-W96+X96-Y96+Z96 -> 0 | O96: 0 | P96: 359044000 | Q96: 0 | R96: 0 | T96: 0 | V96: 0 | AA96: A2402 | AB96: 임차보증금 | AC96: =AA96=B96 -> TRUE
B97: A2402-1 | C97: 현재가치할인차금-임차보증금 | D97: =SUMIF('A-1. 별도FS_19'!$B:$B,CFwp_Korea!B97,'A-1. 별도FS_19'!$D:$D) -> 0 | E97: =SUMIF('A-1. 별도FS_20'!$B:$B,CFwp_Korea!B97,'A-1. 별도FS_20'!$D:$D) -> 0 | F97: =E97-D97 -> 0 | G97: =J97-K97+N97+O97-P97+Q97-R97-T97+V97+F97-W97+X97-Y97+Z97 -> 0 | H97: 이자수익(금융) | K97: 0 | O97: 0 | P97: 0 | Q97: 0 | R97: 0 | T97: 0 | V97: 0 | AA97: A2402-1 | AB97: 현재가치할인차금-임차보증금 | AC97: =AA97=B97 -> TRUE
B98: A2402B | C98: 기타보증금 | D98: =SUMIF('A-1. 별도FS_19'!$B:$B,CFwp_Korea!B98,'A-1. 별도FS_19'!$D:$D) -> 42450000 | E98: =SUMIF('A-1. 별도FS_20'!$B:$B,CFwp_Korea!B98,'A-1. 별도FS_20'!$D:$D) -> 42450000 | F98: =E98-D98 -> 0 | G98: =J98-K98+N98+O98-P98+Q98-R98-T98+V98+F98-W98+X98-Y98+Z98 -> 0 | AA98: A2402B | AB98: 기타보증금 | AC98: =AA98=B98 -> TRUE
B99: A2403 | C99: 회원권 | D99: =SUMIF('A-1. 별도FS_19'!$B:$B,CFwp_Korea!B99,'A-1. 별도FS_19'!$D:$D) -> 0 | E99: =SUMIF('A-1. 별도FS_20'!$B:$B,CFwp_Korea!B99,'A-1. 별도FS_20'!$D:$D) -> 0 | F99: =E99-D99 -> 0 | G99: =J99-K99+N99+O99-P99+Q99-R99-T99+V99+F99-W99+X99-Y99+Z99 -> 0 | O99: 0 | P99: 0 | Q99: 0 | R99: 0 | T99: 0 | V99: 0 | AA99: A2403 | AB99: 회원권 | AC99: =AA99=B99 -> TRUE
C100: 자산총계 | D100: =D48+D8 -> 131188840659 | E100: =E48+E8 -> 7.128533e+11 | AB100: 자산총계 | AC100: =AA100=B100 -> TRUE
C101: 유동부채 | D101: =SUM(D102:D120) -> 16876608631 | E101: =SUM(E102:E120) -> 184007865675 | AB101: 유동부채 | AC101: =AA101=B101 -> TRUE
...

Sheet CFwp_US_local
D2: CF Worksheet
C4: =[197]정산표!C5 -> Balance Verification | D4: =D100-D154 -> 0 | E4: =E100-E154 -> 0 | F4: 검증 | G4: =SUM(G8:G154) -> -500000.09 | T4: 대차검증 | V4: =T155-V155 -> 0 | X4: =SUM(W10:W154)-SUM(X10:X154) -> 0
B5: Account Code | C5: Account | D5: 43830 | E5: 44196 | F5: 증감 | G5: 검증 | J5: 영업활동으로 인한 현금흐름 | O5: 투자활동 | Q5: 재무활동 | S5: 대체 | W5: Merger with
D6: K-IFRS | E6: K-IFRS | H6: Description | I6: Amount | J6: 유출없는비용 | K6: 유입없는수익 | L6: 간접법 | M6: 직접법 | N6: 자산증감 (현금유출입) | O6: 현금유입 | P6: 현금유출 | Q6: 현금유입 | R6: 현금유출 | S6: Description #No | T6: 차변금액 | U6: Description #No | V6: 대변금액 | W6: 차변금액 | X6: 대변금액
C7: 자산
C8: 유동자산 | D8: =D9+D34 -> 906761 | E8: =E9+E34 -> 1135202
C9: 당좌자산 | D9: =SUM(D10:D33) -> 906761 | E9: =SUM(E10:E33) -> 1091484
B10: A1101 | C10: 현금시재 | D10: =SUMIF('A-1. 별도FS_19'!$B:$B,CFwp_US_local!B10,'A-1. 별도FS_19'!$E:$E) -> 906761 | E10: =SUMIF('A-1. 별도FS_20'!$B:$B,CFwp_US_local!B10,'A-1. 별도FS_20'!$E:$E) -> 600 | H10: 외화환산이익
B11: A1102 | C11: 보통예금 | D11: =SUMIF('A-1. 별도FS_19'!$B:$B,CFwp_US_local!B11,'A-1. 별도FS_19'!$E:$E) -> 0 | E11: =SUMIF('A-1. 별도FS_20'!$B:$B,CFwp_US_local!B11,'A-1. 별도FS_20'!$E:$E) -> 1001284.4 | H11: 외화환산손실
B12: A1103 | C12: 국고보조금-현금및현금성자산 | D12: =SUMIF('A-1. 별도FS_19'!$B:$B,CFwp_US_local!B12,'A-1. 별도FS_19'!$E:$E) -> 0 | E12: =SUMIF('A-1. 별도FS_20'!$B:$B,CFwp_US_local!B12,'A-1. 별도FS_20'!$E:$E) -> 0
B13: A1104 | C13: 정기예.적금 | D13: =SUMIF('A-1. 별도FS_19'!$B:$B,CFwp_US_local!B13,'A-1. 별도FS_19'!$E:$E) -> 0 | E13: =SUMIF('A-1. 별도FS_20'!$B:$B,CFwp_US_local!B13,'A-1. 별도FS_20'!$E:$E) -> 0 | F13: =E13-D13 -> 0 | G13: =J13-K13+N13+O13-P13+Q13-R13-T13+V13+F13-W13+X13 -> 0
B14: A1105 | C14: 당기손익-공정가치금융자산(유동) | D14: =SUMIF('A-1. 별도FS_19'!$B:$B,CFwp_US_local!B14,'A-1. 별도FS_19'!$E:$E) -> 0 | E14: =SUMIF('A-1. 별도FS_20'!$B:$B,CFwp_US_local!B14,'A-1. 별도FS_20'!$E:$E) -> 0 | F14: =E14-D14 -> 0 | G14: =J14-K14+N14+O14-P14+Q14-R14-T14+V14+F14-W14+X14 -> 0 | H14: 금융자산평가이익
B16: A1106 | C16: 외상매출금 | D16: =SUMIF('A-1. 별도FS_19'!$B:$B,CFwp_US_local!B16,'A-1. 별도FS_19'!$E:$E) -> 0 | E16: =SUMIF('A-1. 별도FS_20'!$B:$B,CFwp_US_local!B16,'A-1. 별도FS_20'!$E:$E) -> 89599.64 | F16: =E16-D16 -> 89599.64 | G16: =J16-K16+N16+O16-P16+Q16-R16-T16+V16+F16-W16+X16 -> 0 | H16: 외화환산이익 | L16: -89599.64 | N16: =L16 -> -89599.64
H17: 외화환산손실
B18: A1106C | C18: 외상매출금/Intercompany | D18: =SUMIF('A-1. 별도FS_19'!$B:$B,CFwp_US_local!B18,'A-1. 별도FS_19'!$E:$E) -> 0 | E18: =SUMIF('A-1. 별도FS_20'!$B:$B,CFwp_US_local!B18,'A-1. 별도FS_20'!$E:$E) -> 0 | F18: =E18-D18 -> 0 | G18: =J18-K18+N18+O18-P18+Q18-R18-T18+V18+F18-W18+X18 -> 0 | H18: 대손상각비
B19: A1106-1 | C19: 현재가치할인차금(유동)-외상매출금 | D19: =SUMIF('A-1. 별도FS_19'!$B:$B,CFwp_US_local!B19,'A-1. 별도FS_19'!$E:$E) -> 0 | E19: =SUMIF('A-1. 별도FS_20'!$B:$B,CFwp_US_local!B19,'A-1. 별도FS_20'!$E:$E) -> 0 | F19: =E19-D19 -> 0 | G19: =J19-K19+N19+O19-P19+Q19-R19-T19+V19+F19-W19+X19 -> 0 | H19: 이자수익(금융)
B20: A1107 | C20: 대손충당금-외상매출금 | D20: =SUMIF('A-1. 별도FS_19'!$B:$B,CFwp_US_local!B20,'A-1. 별도FS_19'!$E:$E) -> 0 | E20: =SUMIF('A-1. 별도FS_20'!$B:$B,CFwp_US_local!B20,'A-1. 별도FS_20'!$E:$E) -> 0 | F20: =E20-D20 -> 0 | G20: =J20-K20+N20+O20-P20+Q20-R20-T20+V20+F20-W20+X20 -> 0 | H20: 대손상각비
B21: A1107C | C21: 대손충당금-외상매출금/Intercompany | D21: =SUMIF('A-1. 별도FS_19'!$B:$B,CFwp_US_local!B21,'A-1. 별도FS_19'!$E:$E) -> 0 | E21: =SUMIF('A-1. 별도FS_20'!$B:$B,CFwp_US_local!B21,'A-1. 별도FS_20'!$E:$E) -> 0 | F21: =E21-D21 -> 0 | G21: =J21-K21+N21+O21-P21+Q21-R21-T21+V21+F21-W21+X21 -> 0
B22: A1109 | C22: 단기대여금 | D22: =SUMIF('A-1. 별도FS_19'!$B:$B,CFwp_US_local!B22,'A-1. 별도FS_19'!$E:$E) -> 0 | E22: =SUMIF('A-1. 별도FS_20'!$B:$B,CFwp_US_local!B22,'A-1. 별도FS_20'!$E:$E) -> 0 | F22: =E22-D22 -> 0 | G22: =J22-K22+N22+O22-P22+Q22-R22-T22+V22+F22-W22+X22 -> 0
B23: A1109-1 | C23: 현재가치할인차금-단기대여금 | D23: =SUMIF('A-1. 별도FS_19'!$B:$B,CFwp_US_local!B23,'A-1. 별도FS_19'!$E:$E) -> 0 | E23: =SUMIF('A-1. 별도FS_20'!$B:$B,CFwp_US_local!B23,'A-1. 별도FS_20'!$E:$E) -> 0 | F23: =E23-D23 -> 0 | G23: =J23-K23+N23+O23-P23+Q23-R23-T23+V23+F23-W23+X23 -> 0 | H23: 이자수익(금융)
B24: A1111 | C24: 미수수익 | D24: =SUMIF('A-1. 별도FS_19'!$B:$B,CFwp_US_local!B24,'A-1. 별도FS_19'!$E:$E) -> 0 | E24: =SUMIF('A-1. 별도FS_20'!$B:$B,CFwp_US_local!B24,'A-1. 별도FS_20'!$E:$E) -> 0 | F24: =E24-D24 -> 0 | G24: =J24-K24+N24+O24-P24+Q24-R24-T24+V24+F24-W24+X24 -> 0 | H24: 이자수익(금융)
B25: A1112 | C25: 미수금 | D25: =SUMIF('A-1. 별도FS_19'!$B:$B,CFwp_US_local!B25,'A-1. 별도FS_19'!$E:$E) -> 0 | E25: =SUMIF('A-1. 별도FS_20'!$B:$B,CFwp_US_local!B25,'A-1. 별도FS_20'!$E:$E) -> 0 | F25: =E25-D25 -> 0 | G25: =J25-K25+N25+O25-P25+Q25-R25-T25+V25+F25-W25+X25 -> 0 | H25: 외화환산이익
B26: A1115 | C26: 선급금 | D26: =SUMIF('A-1. 별도FS_19'!$B:$B,CFwp_US_local!B26,'A-1. 별도FS_19'!$E:$E) -> 0 | E26: =SUMIF('A-1. 별도FS_20'!$B:$B,CFwp_US_local!B26,'A-1. 별도FS_20'!$E:$E) -> 0 | F26: =E26-D26 -> 0 | G26: =J26-K26+N26+O26-P26+Q26-R26-T26+V26+F26-W26+X26 -> 0
B27: A1116 | C27: 선급비용 | D27: =SUMIF('A-1. 별도FS_19'!$B:$B,CFwp_US_local!B27,'A-1. 별도FS_19'!$E:$E) -> 0 | E27: =SUMIF('A-1. 별도FS_20'!$B:$B,CFwp_US_local!B27,'A-1. 별도FS_20'!$E:$E) -> 0 | F27: =E27-D27 -> 0 | G27: =J27-K27+N27+O27-P27+Q27-R27-T27+V27+F27-W27+X27 -> 0
B28: A1117 | C28: 부가세대급금 | D28: =SUMIF('A-1. 별도FS_19'!$B:$B,CFwp_US_local!B28,'A-1. 별도FS_19'!$E:$E) -> 0 | E28: =SUMIF('A-1. 별도FS_20'!$B:$B,CFwp_US_local!B28,'A-1. 별도FS_20'!$E:$E) -> 0 | F28: =E28-D28 -> 0 | G28: =J28-K28+N28+O28-P28+Q28-R28-T28+V28+F28-W28+X28 -> 0
B29: A1119 | C29: 당기법인세자산 | D29: =SUMIF('A-1. 별도FS_19'!$B:$B,CFwp_US_local!B29,'A-1. 별도FS_19'!$E:$E) -> 0 | E29: =SUMIF('A-1. 별도FS_20'!$B:$B,CFwp_US_local!B29,'A-1. 별도FS_20'!$E:$E) -> 0 | F29: =E29-D29 -> 0 | G29: =J29-K29+N29+O29-P29+Q29-R29-T29+V29+F29-W29+X29 -> 0 | H29: 법인세비용
B30: A1118 | C30: 유동성이연법인세자산 | D30: =SUMIF('A-1. 별도FS_19'!$B:$B,CFwp_US_local!B30,'A-1. 별도FS_19'!$E:$E) -> 0 | E30: =SUMIF('A-1. 별도FS_20'!$B:$B,CFwp_US_local!B30,'A-1. 별도FS_20'!$E:$E) -> 0 | F30: =E30-D30 -> 0 | G30: =J30-K30+N30+O30-P30+Q30-R30-T30+V30+F30-W30+X30 -> 0
B31: A1121 | C31: 반환재고회수권(계약자산) | D31: =SUMIF('A-1. 별도FS_19'!$B:$B,CFwp_US_local!B31,'A-1. 별도FS_19'!$E:$E) -> 0 | E31: =SUMIF('A-1. 별도FS_20'!$B:$B,CFwp_US_local!B31,'A-1. 별도FS_20'!$E:$E) -> 0 | F31: =E31-D31 -> 0 | G31: =J31-K31+N31+O31-P31+Q31-R31-T31+V31+F31-W31+X31 -> 0
B32: A1122 | C32: 계약자산 | D32: =SUMIF('A-1. 별도FS_19'!$B:$B,CFwp_US_local!B32,'A-1. 별도FS_19'!$E:$E) -> 0 | E32: =SUMIF('A-1. 별도FS_20'!$B:$B,CFwp_US_local!B32,'A-1. 별도FS_20'!$E:$E) -> 0 | F32: =E32-D32 -> 0 | G32: =J32-K32+N32+O32-P32+Q32-R32-T32+V32+F32-W32+X32 -> 0
F33: =E33-D33 -> 0 | G33: =J33-K33+N33+O33-P33+Q33-R33-T33+V33+F33-W33+X33 -> 0
C34: 재고자산 | D34: =SUM(D35:D47) -> 0 | E34: =SUM(E35:E47) -> 43718 | F34: =E34-D34 -> 43718 | G34: =J34-K34+N34+O34-P34+Q34-R34-T34+V34+F34-W34+X34 -> 0 | L34: -43718 | N34: =L34 -> -43718
B35: A1201 | C35: 상품 | D35: =SUMIF('A-1. 별도FS_19'!$B:$B,CFwp_US_local!B35,'A-1. 별도FS_19'!$E:$E) -> 0 | E35: =SUMIF('A-1. 별도FS_20'!$B:$B,CFwp_US_local!B35,'A-1. 별도FS_20'!$E:$E) -> 43718
B36: A1202 | C36: 제품 | D36: =SUMIF('A-1. 별도FS_19'!$B:$B,CFwp_US_local!B36,'A-1. 별도FS_19'!$E:$E) -> 0 | E36: =SUMIF('A-1. 별도FS_20'!$B:$B,CFwp_US_local!B36,'A-1. 별도FS_20'!$E:$E) -> 0
B37: A1203 | C37: 제품평가충당금 | D37: =SUMIF('A-1. 별도FS_19'!$B:$B,CFwp_US_local!B37,'A-1. 별도FS_19'!$E:$E) -> 0 | E37: =SUMIF('A-1. 별도FS_20'!$B:$B,CFwp_US_local!B37,'A-1. 별도FS_20'!$E:$E) -> 0
B38: A1204 | C38: 원재료 | D38: =SUMIF('A-1. 별도FS_19'!$B:$B,CFwp_US_local!B38,'A-1. 별도FS_19'!$E:$E) -> 0 | E38: =SUMIF('A-1. 별도FS_20'!$B:$B,CFwp_US_local!B38,'A-1. 별도FS_20'!$E:$E) -> 0
B39: A1205 | C39: 원재료평가충당금 | D39: =SUMIF('A-1. 별도FS_19'!$B:$B,CFwp_US_local!B39,'A-1. 별도FS_19'!$E:$E) -> 0 | E39: =SUMIF('A-1. 별도FS_20'!$B:$B,CFwp_US_local!B39,'A-1. 별도FS_20'!$E:$E) -> 0
B40: A1206 | C40: 부재료 | D40: =SUMIF('A-1. 별도FS_19'!$B:$B,CFwp_US_local!B40,'A-1. 별도FS_19'!$E:$E) -> 0 | E40: =SUMIF('A-1. 별도FS_20'!$B:$B,CFwp_US_local!B40,'A-1. 별도FS_20'!$E:$E) -> 0
B41: A1207 | C41: 재공품 | D41: =SUMIF('A-1. 별도FS_19'!$B:$B,CFwp_US_local!B41,'A-1. 별도FS_19'!$E:$E) -> 0 | E41: =SUMIF('A-1. 별도FS_20'!$B:$B,CFwp_US_local!B41,'A-1. 별도FS_20'!$E:$E) -> 0
B42: A1208 | C42: 재공품평가충당금 | D42: =SUMIF('A-1. 별도FS_19'!$B:$B,CFwp_US_local!B42,'A-1. 별도FS_19'!$E:$E) -> 0 | E42: =SUMIF('A-1. 별도FS_20'!$B:$B,CFwp_US_local!B42,'A-1. 별도FS_20'!$E:$E) -> 0
B43: A1209 | C43: 반제품 | D43: =SUMIF('A-1. 별도FS_19'!$B:$B,CFwp_US_local!B43,'A-1. 별도FS_19'!$E:$E) -> 0 | E43: =SUMIF('A-1. 별도FS_20'!$B:$B,CFwp_US_local!B43,'A-1. 별도FS_20'!$E:$E) -> 0
B44: A1210 | C44: 반제품평가충당금 | D44: =SUMIF('A-1. 별도FS_19'!$B:$B,CFwp_US_local!B44,'A-1. 별도FS_19'!$E:$E) -> 0 | E44: =SUMIF('A-1. 별도FS_20'!$B:$B,CFwp_US_local!B44,'A-1. 별도FS_20'!$E:$E) -> 0
B45: A1211 | C45: 미착품 | D45: =SUMIF('A-1. 별도FS_19'!$B:$B,CFwp_US_local!B45,'A-1. 별도FS_19'!$E:$E) -> 0 | E45: =SUMIF('A-1. 별도FS_20'!$B:$B,CFwp_US_local!B45,'A-1. 별도FS_20'!$E:$E) -> 0
C48: 비유동자산 | D48: =D49+D59+D82+D90 -> 7486 | E48: =E49+E59+E82+E90 -> 11047.35
C49: 투자자산 | D49: =SUM(D50:D57) -> 0 | E49: =SUM(E50:E57) -> 0
B50: A2103 | C50: 장기대여금 | D50: =SUMIF('A-1. 별도FS_19'!$B:$B,CFwp_US_local!B50,'A-1. 별도FS_19'!$E:$E) -> 0 | E50: =SUMIF('A-1. 별도FS_20'!$B:$B,CFwp_US_local!B50,'A-1. 별도FS_20'!$E:$E) -> 0 | F50: =E50-D50 -> 0 | G50: =J50-K50+N50+O50-P50+Q50-R50-T50+V50+F50-W50+X50 -> 0
B51: A2103-1 | C51: 현재가치할인차금-장기대여금 | D51: =SUMIF('A-1. 별도FS_19'!$B:$B,CFwp_US_local!B51,'A-1. 별도FS_19'!$E:$E) -> 0 | E51: =SUMIF('A-1. 별도FS_20'!$B:$B,CFwp_US_local!B51,'A-1. 별도FS_20'!$E:$E) -> 0 | F51: =E51-D51 -> 0 | G51: =J51-K51+N51+O51-P51+Q51-R51-T51+V51+F51-W51+X51 -> 0 | H51: 이자수익(금융)
B52: A2104 | C52: 장기매도가능증권 | D52: =SUMIF('A-1. 별도FS_19'!$B:$B,CFwp_US_local!B52,'A-1. 별도FS_19'!$E:$E) -> 0 | E52: =SUMIF('A-1. 별도FS_20'!$B:$B,CFwp_US_local!B52,'A-1. 별도FS_20'!$E:$E) -> 0 | F52: =E52-D52 -> 0 | G52: =J52-K52+N52+O52-P52+Q52-R52-T52+V52+F52-W52+X52 -> 0
B53: A2102 | C53: 당기손익-공정가치금융자산(비유동) | D53: =SUMIF('A-1. 별도FS_19'!$B:$B,CFwp_US_local!B53,'A-1. 별도FS_19'!$E:$E) -> 0 | E53: =SUMIF('A-1. 별도FS_20'!$B:$B,CFwp_US_local!B53,'A-1. 별도FS_20'!$E:$E) -> 0 | F53: =E53-D53 -> 0 | G53: =J53-K53+N53+O53-P53+Q53-R53-T53+V53+F53-W53+X53 -> 0 | H53: 금융자산평가손실
D54: =SUMIF('A-1. 별도FS_19'!$B:$B,CFwp_US_local!B54,'A-1. 별도FS_19'!$E:$E) -> 0 | E54: =SUMIF('A-1. 별도FS_20'!$B:$B,CFwp_US_local!B54,'A-1. 별도FS_20'!$E:$E) -> 0
B55: A2106 | C55: 종속기업투자 | D55: =SUMIF('A-1. 별도FS_19'!$B:$B,CFwp_US_local!B55,'A-1. 별도FS_19'!$E:$E) -> 0 | E55: =SUMIF('A-1. 별도FS_20'!$B:$B,CFwp_US_local!B55,'A-1. 별도FS_20'!$E:$E) -> 0 | F55: =E55-D55 -> 0 | G55: =J55-K55+N55+O55-P55+Q55-R55-T55+V55+F55-W55+X55 -> 0 | H55: 종속기업의당기손익에대한지분
D56: =SUMIF('A-1. 별도FS_19'!$B:$B,CFwp_US_local!B56,'A-1. 별도FS_19'!$E:$E) -> 0 | E56: =SUMIF('A-1. 별도FS_20'!$B:$B,CFwp_US_local!B56,'A-1. 별도FS_20'!$E:$E) -> 0
B57: A2107 | C57: 관계기업투자 | D57: =SUMIF('A-1. 별도FS_19'!$B:$B,CFwp_US_local!B57,'A-1. 별도FS_19'!$E:$E) -> 0 | E57: =SUMIF('A-1. 별도FS_20'!$B:$B,CFwp_US_local!B57,'A-1. 별도FS_20'!$E:$E) -> 0 | F57: =E57-D57 -> 0 | G57: =J57-K57+N57+O57-P57+Q57-R57-T57+V57+F57-W57+X57 -> 0 | H57: 종속기업의당기손익에대한지분
H58: 투자자산처분이익
C59: 유형자산 | D59: =SUM(D60:D80) -> 7486 | E59: =SUM(E60:E80) -> 11047.35
B60: A2201 | C60: 토지 | D60: =SUMIF('A-1. 별도FS_19'!$B:$B,CFwp_US_local!B60,'A-1. 별도FS_19'!$E:$E) -> 0 | E60: =SUMIF('A-1. 별도FS_20'!$B:$B,CFwp_US_local!B60,'A-1. 별도FS_20'!$E:$E) -> 0 | F60: =E60-D60 -> 0 | G60: =J60-K60+N60+O60-P60+Q60-R60-T60+V60+F60-W60+X60 -> 0
B61: A2202 | C61: 건물 | D61: =SUMIF('A-1. 별도FS_19'!$B:$B,CFwp_US_local!B61,'A-1. 별도FS_19'!$E:$E) -> 0 | E61: =SUMIF('A-1. 별도FS_20'!$B:$B,CFwp_US_local!B61,'A-1. 별도FS_20'!$E:$E) -> 0 | F61: =E61-D61 -> 0 | G61: =J61-K61+N61+O61-P61+Q61-R61-T61+V61+F61-W61+X61 -> 0
B62: A2202-1 | C62: 감가상각누계액-건물 | D62: =SUMIF('A-1. 별도FS_19'!$B:$B,CFwp_US_local!B62,'A-1. 별도FS_19'!$E:$E) -> 0 | E62: =SUMIF('A-1. 별도FS_20'!$B:$B,CFwp_US_local!B62,'A-1. 별도FS_20'!$E:$E) -> 0 | F62: =E62-D62 -> 0 | G62: =J62-K62+N62+O62-P62+Q62-R62-T62+V62+F62-W62+X62 -> 0 | H62: 감가상각비
B63: A2203 | C63: 구축물 | D63: =SUMIF('A-1. 별도FS_19'!$B:$B,CFwp_US_local!B63,'A-1. 별도FS_19'!$E:$E) -> 0 | E63: =SUMIF('A-1. 별도FS_20'!$B:$B,CFwp_US_local!B63,'A-1. 별도FS_20'!$E:$E) -> 0 | F63: =E63-D63 -> 0 | G63: =J63-K63+N63+O63-P63+Q63-R63-T63+V63+F63-W63+X63 -> 0
B64: A2203-1 | C64: 감가상각누계액-구축물 | D64: =SUMIF('A-1. 별도FS_19'!$B:$B,CFwp_US_local!B64,'A-1. 별도FS_19'!$E:$E) -> 0 | E64: =SUMIF('A-1. 별도FS_20'!$B:$B,CFwp_US_local!B64,'A-1. 별도FS_20'!$E:$E) -> 0 | F64: =E64-D64 -> 0 | G64: =J64-K64+N64+O64-P64+Q64-R64-T64+V64+F64-W64+X64 -> 0 | H64: 감가상각비
B65: A2204 | C65: 기계장치 | D65: =SUMIF('A-1. 별도FS_19'!$B:$B,CFwp_US_local!B65,'A-1. 별도FS_19'!$E:$E) -> 0 | E65: =SUMIF('A-1. 별도FS_20'!$B:$B,CFwp_US_local!B65,'A-1. 별도FS_20'!$E:$E) -> 0 | F65: =E65-D65 -> 0 | G65: =J65-K65+N65+O65-P65+Q65-R65-T65+V65+F65-W65+X65 -> 0 | H65: 유형자산처분이익
D66: =SUMIF('A-1. 별도FS_19'!$B:$B,CFwp_US_local!B66,'A-1. 별도FS_19'!$E:$E) -> 0 | E66: =SUMIF('A-1. 별도FS_20'!$B:$B,CFwp_US_local!B66,'A-1. 별도FS_20'!$E:$E) -> 0 | H66: 유형자산처분손실
B67: A2204-1 | C67: 감가상각누계액-기계장치 | D67: =SUMIF('A-1. 별도FS_19'!$B:$B,CFwp_US_local!B67,'A-1. 별도FS_19'!$E:$E) -> 0 | E67: =SUMIF('A-1. 별도FS_20'!$B:$B,CFwp_US_local!B67,'A-1. 별도FS_20'!$E:$E) -> 0 | F67: =E67-D67 -> 0 | G67: =J67-K67+N67+O67-P67+Q67-R67-T67+V67+F67-W67+X67 -> 0 | H67: 감가상각비
B68: A2204-2 | C68: 손상차손누계액-기계장치 | D68: =SUMIF('A-1. 별도FS_19'!$B:$B,CFwp_US_local!B68,'A-1. 별도FS_19'!$E:$E) -> 0 | E68: =SUMIF('A-1. 별도FS_20'!$B:$B,CFwp_US_local!B68,'A-1. 별도FS_20'!$E:$E) -> 0 | F68: =E68-D68 -> 0 | G68: =J68-K68+N68+O68-P68+Q68-R68-T68+V68+F68-W68+X68 -> 0
B69: A2205 | C69: 차량운반구 | D69: =SUMIF('A-1. 별도FS_19'!$B:$B,CFwp_US_local!B69,'A-1. 별도FS_19'!$E:$E) -> 0 | E69: =SUMIF('A-1. 별도FS_20'!$B:$B,CFwp_US_local!B69,'A-1. 별도FS_20'!$E:$E) -> 0 | F69: =E69-D69 -> 0 | G69: =J69-K69+N69+O69-P69+Q69-R69-T69+V69+F69-W69+X69 -> 0
B70: A2205-1 | C70: 감가상각누계액-차량운반구 | D70: =SUMIF('A-1. 별도FS_19'!$B:$B,CFwp_US_local!B70,'A-1. 별도FS_19'!$E:$E) -> 0 | E70: =SUMIF('A-1. 별도FS_20'!$B:$B,CFwp_US_local!B70,'A-1. 별도FS_20'!$E:$E) -> 0 | F70: =E70-D70 -> 0 | G70: =J70-K70+N70+O70-P70+Q70-R70-T70+V70+F70-W70+X70 -> 0 | H70: 감가상각비
B71: A2206 | C71: 공구와기구 | D71: =SUMIF('A-1. 별도FS_19'!$B:$B,CFwp_US_local!B71,'A-1. 별도FS_19'!$E:$E) -> 0 | E71: =SUMIF('A-1. 별도FS_20'!$B:$B,CFwp_US_local!B71,'A-1. 별도FS_20'!$E:$E) -> 0 | F71: =E71-D71 -> 0 | G71: =J71-K71+N71+O71-P71+Q71-R71-T71+V71+F71-W71+X71 -> 0
B72: A2206-1 | C72: 감가상각누계액-공구와기구 | D72: =SUMIF('A-1. 별도FS_19'!$B:$B,CFwp_US_local!B72,'A-1. 별도FS_19'!$E:$E) -> 0 | E72: =SUMIF('A-1. 별도FS_20'!$B:$B,CFwp_US_local!B72,'A-1. 별도FS_20'!$E:$E) -> 0 | F72: =E72-D72 -> 0 | G72: =J72-K72+N72+O72-P72+Q72-R72-T72+V72+F72-W72+X72 -> 0 | H72: 감가상각비
B73: A2206-2 | C73: 손상차손누계액-공구와기구 | D73: =SUMIF('A-1. 별도FS_19'!$B:$B,CFwp_US_local!B73,'A-1. 별도FS_19'!$E:$E) -> 0 | E73: =SUMIF('A-1. 별도FS_20'!$B:$B,CFwp_US_local!B73,'A-1. 별도FS_20'!$E:$E) -> 0 | F73: =E73-D73 -> 0 | G73: =J73-K73+N73+O73-P73+Q73-R73-T73+V73+F73-W73+X73 -> 0
B74: A2207 | C74: 비품 | D74: =SUMIF('A-1. 별도FS_19'!$B:$B,CFwp_US_local!B74,'A-1. 별도FS_19'!$E:$E) -> 7613 | E74: =SUMIF('A-1. 별도FS_20'!$B:$B,CFwp_US_local!B74,'A-1. 별도FS_20'!$E:$E) -> 15261.35 | F74: =E74-D74 -> 7648.35 | G74: =J74-K74+N74+O74-P74+Q74-R74-T74+V74+F74-W74+X74 -> 0 | P74: 7648.35
B75: A2207-1 | C75: 감가상각누계액-비품 | D75: =SUMIF('A-1. 별도FS_19'!$B:$B,CFwp_US_local!B75,'A-1. 별도FS_19'!$E:$E) -> -127 | E75: =SUMIF('A-1. 별도FS_20'!$B:$B,CFwp_US_local!B75,'A-1. 별도FS_20'!$E:$E) -> -4214 | F75: =E75-D75 -> -4087 | G75: =J75-K75+N75+O75-P75+Q75-R75-T75+V75+F75-W75+X75 -> 0 | H75: 감가상각비 | I75: ='A-1. 별도FS_20'!E183 -> 4087 | J75: =I75 -> 4087
B76: A2208 | C76: 건설중인자산 | D76: =SUMIF('A-1. 별도FS_19'!$B:$B,CFwp_US_local!B76,'A-1. 별도FS_19'!$E:$E) -> 0 | E76: =SUMIF('A-1. 별도FS_20'!$B:$B,CFwp_US_local!B76,'A-1. 별도FS_20'!$E:$E) -> 0 | F76: =E76-D76 -> 0 | G76: =J76-K76+N76+O76-P76+Q76-R76-T76+V76+F76-W76+X76 -> 0
B77: A2209 | C77: 시설장치 | D77: =SUMIF('A-1. 별도FS_19'!$B:$B,CFwp_US_local!B77,'A-1. 별도FS_19'!$E:$E) -> 0 | E77: =SUMIF('A-1. 별도FS_20'!$B:$B,CFwp_US_local!B77,'A-1. 별도FS_20'!$E:$E) -> 0 | F77: =E77-D77 -> 0 | G77: =J77-K77+N77+O77-P77+Q77-R77-T77+V77+F77-W77+X77 -> 0
B78: A2209-1 | C78: 감가상각누계액-시설장치 | D78: =SUMIF('A-1. 별도FS_19'!$B:$B,CFwp_US_local!B78,'A-1. 별도FS_19'!$E:$E) -> 0 | E78: =SUMIF('A-1. 별도FS_20'!$B:$B,CFwp_US_local!B78,'A-1. 별도FS_20'!$E:$E) -> 0 | F78: =E78-D78 -> 0 | G78: =J78-K78+N78+O78-P78+Q78-R78-T78+V78+F78-W78+X78 -> 0 | H78: 감가상각비
B79: A2211 | C79: 사용권자산 | D79: =SUMIF('A-1. 별도FS_19'!$B:$B,CFwp_US_local!B79,'A-1. 별도FS_19'!$E:$E) -> 0 | E79: =SUMIF('A-1. 별도FS_20'!$B:$B,CFwp_US_local!B79,'A-1. 별도FS_20'!$E:$E) -> 0 | F79: =E79-D79 -> 0 | G79: =J79-K79+N79+O79-P79+Q79-R79-T79+V79+F79-W79+X79 -> 0
B80: A2211-1 | C80: 사용권자산-감가상각누계액 | D80: =SUMIF('A-1. 별도FS_19'!$B:$B,CFwp_US_local!B80,'A-1. 별도FS_19'!$E:$E) -> 0 | E80: =SUMIF('A-1. 별도FS_20'!$B:$B,CFwp_US_local!B80,'A-1. 별도FS_20'!$E:$E) -> 0 | F80: =E80-D80 -> 0 | G80: =J80-K80+N80+O80-P80+Q80-R80-T80+V80+F80-W80+X80 -> 0 | H80: 감가상각비
C82: 무형자산 | D82: =SUM(D83:D89) -> 0 | E82: =SUM(E83:E89) -> 0
B83: A2301 | C83: 영업권 | D83: =SUMIF('A-1. 별도FS_19'!$B:$B,CFwp_US_local!B83,'A-1. 별도FS_19'!$E:$E) -> 0 | E83: =SUMIF('A-1. 별도FS_20'!$B:$B,CFwp_US_local!B83,'A-1. 별도FS_20'!$E:$E) -> 0 | F83: =E83-D83 -> 0 | G83: =J83-K83+N83+O83-P83+Q83-R83-T83+V83+F83-W83+X83 -> 0
B84: A2302 | C84: 소프트웨어 | D84: =SUMIF('A-1. 별도FS_19'!$B:$B,CFwp_US_local!B84,'A-1. 별도FS_19'!$E:$E) -> 0 | E84: =SUMIF('A-1. 별도FS_20'!$B:$B,CFwp_US_local!B84,'A-1. 별도FS_20'!$E:$E) -> 0 | F84: =E84-D84 -> 0 | G84: =J84-K84+N84+O84-P84+Q84-R84-T84+V84+F84-W84+X84 -> 0 | H84: 무형자산상각비
B85: A2302-1 | C85: 상각누계액-소프트웨어 | D85: =SUMIF('A-1. 별도FS_19'!$B:$B,CFwp_US_local!B85,'A-1. 별도FS_19'!$E:$E) -> 0 | E85: =SUMIF('A-1. 별도FS_20'!$B:$B,CFwp_US_local!B85,'A-1. 별도FS_20'!$E:$E) -> 0
B86: A2303 | C86: 산업재산권 | D86: =SUMIF('A-1. 별도FS_19'!$B:$B,CFwp_US_local!B86,'A-1. 별도FS_19'!$E:$E) -> 0 | E86: =SUMIF('A-1. 별도FS_20'!$B:$B,CFwp_US_local!B86,'A-1. 별도FS_20'!$E:$E) -> 0 | F86: =E86-D86 -> 0 | G86: =J86-K86+N86+O86-P86+Q86-R86-T86+V86+F86-W86+X86 -> 0
B87: A2303-1 | C87: 상각누계액-산업재산권 | D87: =SUMIF('A-1. 별도FS_19'!$B:$B,CFwp_US_local!B87,'A-1. 별도FS_19'!$E:$E) -> 0 | E87: =SUMIF('A-1. 별도FS_20'!$B:$B,CFwp_US_local!B87,'A-1. 별도FS_20'!$E:$E) -> 0
B88: A2304 | C88: 회원권(골프회원권 등) | D88: =SUMIF('A-1. 별도FS_19'!$B:$B,CFwp_US_local!B88,'A-1. 별도FS_19'!$E:$E) -> 0 | E88: =SUMIF('A-1. 별도FS_20'!$B:$B,CFwp_US_local!B88,'A-1. 별도FS_20'!$E:$E) -> 0 | F88: =E88-D88 -> 0 | G88: =J88-K88+N88+O88-P88+Q88-R88-T88+V88+F88-W88+X88 -> 0
B89: A2305 | C89: 토지이용권 | D89: =SUMIF('A-1. 별도FS_19'!$B:$B,CFwp_US_local!B89,'A-1. 별도FS_19'!$E:$E) -> 0 | E89: =SUMIF('A-1. 별도FS_20'!$B:$B,CFwp_US_local!B89,'A-1. 별도FS_20'!$E:$E) -> 0 | F89: =E89-D89 -> 0 | G89: =J89-K89+N89+O89-P89+Q89-R89-T89+V89+F89-W89+X89 -> 0
C90: 기타비유동자산 | D90: =SUM(D91:D99) -> 0 | E90: =SUM(E91:E99) -> 0
B91: A2401 | C91: 이연법인세자산 | D91: =SUMIF('A-1. 별도FS_19'!$B:$B,CFwp_US_local!B91,'A-1. 별도FS_19'!$E:$E) -> 0 | E91: =SUMIF('A-1. 별도FS_20'!$B:$B,CFwp_US_local!B91,'A-1. 별도FS_20'!$E:$E) -> 0 | F91: =E91-D91 -> 0 | G91: =J91-K91+N91+O91-P91+Q91-R91-T91+V91+F91-W91+X91 -> 0 | H91: 법인세비용
B92: A2406 | C92: 비유동매출채권 | D92: =SUMIF('A-1. 별도FS_19'!$B:$B,CFwp_US_local!B92,'A-1. 별도FS_19'!$E:$E) -> 0 | E92: =SUMIF('A-1. 별도FS_20'!$B:$B,CFwp_US_local!B92,'A-1. 별도FS_20'!$E:$E) -> 0 | F92: =E92-D92 -> 0 | G92: =J92-K92+N92+O92-P92+Q92-R92-T92+V92+F92-W92+X92 -> 0
B93: A2406C | C93: 비유동매출채권/Intercompany | D93: =SUMIF('A-1. 별도FS_19'!$B:$B,CFwp_US_local!B93,'A-1. 별도FS_19'!$E:$E) -> 0 | E93: =SUMIF('A-1. 별도FS_20'!$B:$B,CFwp_US_local!B93,'A-1. 별도FS_20'!$E:$E) -> 0 | F93: =E93-D93 -> 0 | G93: =J93-K93+N93+O93-P93+Q93-R93-T93+V93+F93-W93+X93 -> 0
B94: A2406-1 | C94: 현재가치할인차금(비유동)-비유동외상매출금 | D94: =SUMIF('A-1. 별도FS_19'!$B:$B,CFwp_US_local!B94,'A-1. 별도FS_19'!$E:$E) -> 0 | E94: =SUMIF('A-1. 별도FS_20'!$B:$B,CFwp_US_local!B94,'A-1. 별도FS_20'!$E:$E) -> 0 | F94: =E94-D94 -> 0 | G94: =J94-K94+N94+O94-P94+Q94-R94-T94+V94+F94-W94+X94 -> 0 | H94: 이자수익(금융)
B95: A2406-2 | C95: 대손충당금-비유동매출채권 | D95: =SUMIF('A-1. 별도FS_19'!$B:$B,CFwp_US_local!B95,'A-1. 별도FS_19'!$E:$E) -> 0 | E95: =SUMIF('A-1. 별도FS_20'!$B:$B,CFwp_US_local!B95,'A-1. 별도FS_20'!$E:$E) -> 0 | F95: =E95-D95 -> 0 | G95: =J95-K95+N95+O95-P95+Q95-R95-T95+V95+F95-W95+X95 -> 0 | H95: 대손상각비
B96: A2402 | C96: 임차보증금 | D96: =SUMIF('A-1. 별도FS_19'!$B:$B,CFwp_US_local!B96,'A-1. 별도FS_19'!$E:$E) -> 0 | E96: =SUMIF('A-1. 별도FS_20'!$B:$B,CFwp_US_local!B96,'A-1. 별도FS_20'!$E:$E) -> 0 | F96: =E96-D96 -> 0 | G96: =J96-K96+N96+O96-P96+Q96-R96-T96+V96+F96-W96+X96 -> 0
B97: A2402-1 | C97: 현재가치할인차금-임차보증금 | D97: =SUMIF('A-1. 별도FS_19'!$B:$B,CFwp_US_local!B97,'A-1. 별도FS_19'!$E:$E) -> 0 | E97: =SUMIF('A-1. 별도FS_20'!$B:$B,CFwp_US_local!B97,'A-1. 별도FS_20'!$E:$E) -> 0 | F97: =E97-D97 -> 0 | G97: =J97-K97+N97+O97-P97+Q97-R97-T97+V97+F97-W97+X97 -> 0 | H97: 이자수익(금융)
D98: =SUMIF('A-1. 별도FS_19'!$B:$B,CFwp_US_local!B98,'A-1. 별도FS_19'!$E:$E) -> 0 | E98: =SUMIF('A-1. 별도FS_20'!$B:$B,CFwp_US_local!B98,'A-1. 별도FS_20'!$E:$E) -> 0
B99: A2403 | C99: 회원권 | D99: =SUMIF('A-1. 별도FS_19'!$B:$B,CFwp_US_local!B99,'A-1. 별도FS_19'!$E:$E) -> 0 | E99: =SUMIF('A-1. 별도FS_20'!$B:$B,CFwp_US_local!B99,'A-1. 별도FS_20'!$E:$E) -> 0 | F99: =E99-D99 -> 0 | G99: =J99-K99+N99+O99-P99+Q99-R99-T99+V99+F99-W99+X99 -> 0
C100: 자산총계 | D100: =D48+D8 -> 914247 | E100: =E48+E8 -> 1146249.4
C101: 유동부채 | D101: =SUM(D102:D120) -> 5693 | E101: =SUM(E102:E120) -> 41299.43
B102: L1001 | C102: 외상매입금 | D102: =SUMIF('A-1. 별도FS_19'!$B:$B,CFwp_US_local!B102,'A-1. 별도FS_19'!$E:$E) -> 0 | E102: =SUMIF('A-1. 별도FS_20'!$B:$B,CFwp_US_local!B102,'A-1. 별도FS_20'!$E:$E) -> 0 | F102: =E102-D102 -> 0 | G102: =J102-K102+N102+O102-P102+Q102-R102-T102+V102-F102-W102+X102 -> 0 | H102: 외화환산이익
B103: L1001C | C103: 외상매입금/Intercompany | D103: =SUMIF('A-1. 별도FS_19'!$B:$B,CFwp_US_local!B103,'A-1. 별도FS_19'!$E:$E) -> 0 | E103: =SUMIF('A-1. 별도FS_20'!$B:$B,CFwp_US_local!B103,'A-1. 별도FS_20'!$E:$E) -> 0 | F103: =E103-D103 -> 0 | G103: =J103-K103+N103+O103-P103+Q103-R103-T103+V103-F103-W103+X103 -> 0 | H103: 외화환산손실
